author_link_karma,time_to_first_comment,post_localTime,author_gold,author_comment_karma,title,author_account_age,title_length,post_id,hot,nsfw,10min_comment,serious,post_utcTime
4,0:01:11,2016-05-01 20:48:20,1,111,"Reddit, what was your first crime?","441 days, 19:52:50",6,4haaoj,0,0,5,0,2016-05-01 12:48:20
168,0:01:34,2016-05-01 23:51:53,0,3455,Who's your least favorite redditor?,"719 days, 2:29:56",5,4hbgo6,0,0,1,0,2016-05-01 15:51:53
5907,0:02:50,2016-05-02 01:15:20,0,218977,"Now that Mothers' Day is over, what did you do for your mom?","1407 days, 17:54:57",13,4hc0cb,0,0,1,0,2016-05-01 17:15:20
150,0:01:09,2016-05-01 23:59:47,0,1,What are things that never change?,"181 days, 2:31:43",6,4hbihq,0,0,6,0,2016-05-01 15:59:47
150,0:01:09,2016-05-01 23:59:47,0,1,What are things that never change?,"181 days, 2:31:43",6,4hbihq,0,0,6,0,2016-05-01 15:59:47
4232,0:00:54,2016-05-02 00:17:31,0,7850,What are your controversial gaming opinions?,"1231 days, 3:44:49",6,4hbmpj,0,0,4,0,2016-05-01 16:17:31
971,0:00:00,2016-05-02 00:54:35,0,18008,Whats going on with Toby Turner?,"1421 days, 15:15:43",6,4hbvak,0,0,3,1,2016-05-01 16:54:35
4,0:01:11,2016-05-01 20:48:20,1,111,"Reddit, what was your first crime?","441 days, 19:52:50",6,4haaoj,0,0,5,0,2016-05-01 12:48:20
4,0:01:11,2016-05-01 20:48:20,1,111,"Reddit, what was your first crime?","441 days, 19:52:50",6,4haaoj,0,0,5,0,2016-05-01 12:48:20
150,0:01:09,2016-05-01 23:59:47,0,1,What are things that never change?,"181 days, 2:31:43",6,4hbihq,0,0,6,0,2016-05-01 15:59:47
4,0:01:11,2016-05-01 20:48:20,1,111,"Reddit, what was your first crime?","441 days, 19:52:50",6,4haaoj,0,0,5,0,2016-05-01 12:48:20
474,0:01:42,2016-05-02 01:02:29,0,1822,What dreams have you had where you wake up and feel extremely depressed or extremely revealed because it wasn't real?,"229 days, 6:12:42",20,4hbxe4,0,0,2,0,2016-05-01 17:02:29
2071,0:00:51,2016-05-02 00:19:56,0,1269,Former kleptos and thieves of Reddit... what made you stop stealing?,"1487 days, 22:12:29",11,4hbnc8,0,0,2,0,2016-05-01 16:19:56
150,0:01:09,2016-05-01 23:59:47,0,1,What are things that never change?,"181 days, 2:31:43",6,4hbihq,0,0,6,0,2016-05-01 15:59:47
4,0:01:11,2016-05-01 20:48:20,1,111,"Reddit, what was your first crime?","441 days, 19:52:50",6,4haaoj,0,0,5,0,2016-05-01 12:48:20
1,0:00:52,2016-05-01 18:22:57,1,70,What is a phrase or saying you wish people would stop using?,"204 days, 13:43:16",12,4h9hws,0,0,14,0,2016-05-01 10:22:57
150,0:01:09,2016-05-01 23:59:47,0,1,What are things that never change?,"181 days, 2:31:43",6,4hbihq,0,0,6,0,2016-05-01 15:59:47
35,0:00:36,2016-05-01 04:54:51,1,665,"Reddit, what's your best stress reliever?","843 days, 2:09:35",6,4h79r2,0,0,15,0,2016-04-30 20:54:51
1,0:01:25,2016-05-01 23:46:25,0,2,You can become any animal you want for a day (but if you die you die) what would you be?,"181 days, 6:36:08",20,4hbfst,0,0,5,0,2016-05-01 15:46:25
4,0:01:11,2016-05-01 20:48:20,1,111,"Reddit, what was your first crime?","441 days, 19:52:50",6,4haaoj,0,0,5,0,2016-05-01 12:48:20
12516,0:00:13,2016-05-02 00:50:32,0,26447,How are you avoiding the Noid?,"1195 days, 17:21:37",6,4hbudj,0,0,3,0,2016-05-01 16:50:32
150,0:01:09,2016-05-01 23:59:47,0,1,What are things that never change?,"181 days, 2:31:43",6,4hbihq,0,0,6,0,2016-05-01 15:59:47
150,0:01:09,2016-05-01 23:59:47,0,1,What are things that never change?,"181 days, 2:31:43",6,4hbihq,0,0,6,0,2016-05-01 15:59:47
4232,0:00:54,2016-05-02 00:17:31,0,7850,What are your controversial gaming opinions?,"1231 days, 3:44:49",6,4hbmpj,0,0,4,0,2016-05-01 16:17:31
150,0:01:09,2016-05-01 23:59:47,0,1,What are things that never change?,"181 days, 2:31:43",6,4hbihq,0,0,6,0,2016-05-01 15:59:47
10,0:00:23,2016-05-02 00:06:14,0,1132,"The floor is now lava, how do you survive?","209 days, 17:40:19",9,4hbk52,0,0,9,0,2016-05-01 16:06:14
1,0:00:17,2016-05-01 23:17:07,0,176,"So Reddit, what did you get your mom's for Mother's day?","137 days, 2:36:05",11,4hb960,0,0,5,0,2016-05-01 15:17:07
150,0:01:09,2016-05-01 23:59:47,0,1,What are things that never change?,"181 days, 2:31:43",6,4hbihq,0,0,6,0,2016-05-01 15:59:47
2071,0:00:51,2016-05-02 00:19:56,0,1269,Former kleptos and thieves of Reddit... what made you stop stealing?,"1487 days, 22:12:29",11,4hbnc8,0,0,2,0,2016-05-01 16:19:56
150,0:01:09,2016-05-01 23:59:47,0,1,What are things that never change?,"181 days, 2:31:43",6,4hbihq,0,0,6,0,2016-05-01 15:59:47
150,0:01:09,2016-05-01 23:59:47,0,1,What are things that never change?,"181 days, 2:31:43",6,4hbihq,0,0,6,0,2016-05-01 15:59:47
1,0:00:52,2016-05-01 18:22:57,1,70,What is a phrase or saying you wish people would stop using?,"204 days, 13:43:16",12,4h9hws,0,0,14,0,2016-05-01 10:22:57
4232,0:00:54,2016-05-02 00:17:31,0,7850,What are your controversial gaming opinions?,"1231 days, 3:44:49",6,4hbmpj,0,0,4,0,2016-05-01 16:17:31
150,0:01:09,2016-05-01 23:59:47,0,1,What are things that never change?,"181 days, 2:31:43",6,4hbihq,0,0,6,0,2016-05-01 15:59:47
661,0:00:16,2016-05-01 23:18:20,1,2231,"You are given near godlike powers, what is your weakness?","977 days, 8:46:33",10,4hb9cu,0,0,7,0,2016-05-01 15:18:20
1,0:00:52,2016-05-01 18:22:57,1,70,What is a phrase or saying you wish people would stop using?,"204 days, 13:43:16",12,4h9hws,0,0,14,0,2016-05-01 10:22:57
59,0:01:13,2016-05-01 23:06:42,0,60,"Redditors with anxiety, what is an (otherwise uninteresting/common) thing that triggers your anxiety?","1115 days, 22:08:21",13,4hb6r3,0,0,6,0,2016-05-01 15:06:42
150,0:01:09,2016-05-01 23:59:47,0,1,What are things that never change?,"181 days, 2:31:43",6,4hbihq,0,0,6,0,2016-05-01 15:59:47
1,0:00:52,2016-05-01 18:22:57,1,70,What is a phrase or saying you wish people would stop using?,"204 days, 13:43:16",12,4h9hws,0,0,14,0,2016-05-01 10:22:57
222,0:09:33,2016-05-02 00:25:40,0,77,Do you know of a YouTube-playlist you could watch all day?,"110 days, 13:10:08",11,4hboqq,0,0,1,0,2016-05-01 16:25:40
