author_link_karma,time_to_first_comment,post_localTime,question_type,author_comment_karma,'title',author_account_age,title_length,post_id,hot,nsfw,10min_comment,serious,post_utcTime,author_gold,What,who,When,Where,Why,How,Which,hot_sense_score,hot_token_score,random_sense_score,random_token_score,sense_difference,token_difference
27,0:00:26,21:12,5,21,'What are your thoughts on Reddit Gold?',0,7,4jsahb,0,0,12,0,13:12,1,TRUE,FALSE,FALSE,FALSE,FALSE,FALSE,FALSE,31.11968549,0.208978328,30.15844838,0.212046205,0.96123711,-0.003067876
1,0:00:31,19:33,5,39,'Gamers of Reddit what is the most overrated game ever?',1,10,4jrs0e,0,0,8,0,11:33,0,TRUE,FALSE,FALSE,FALSE,FALSE,FALSE,FALSE,16.60155574,0.148606811,17.0951401,0.156765677,-0.493584362,-0.008158865
1,0:01:16,4:16,5,2727,'What tattoo did you once want but are glad you never got?',2,12,4jiyoa,1,0,7,0,20:16,0,TRUE,FALSE,FALSE,FALSE,FALSE,FALSE,FALSE,48.15511796,0.209752322,43.88609359,0.205445545,4.269024377,0.004306777
1,0:01:42,20:06,7,16,'How do you crack yourself up when you are deeply depressed and need a distraction?',4,15,4jry70,0,0,4,0,12:06,0,FALSE,FALSE,TRUE,FALSE,FALSE,TRUE,FALSE,59.51097586,0.133900929,56.94229391,0.146039604,2.568681941,-0.012138675
1,0:00:39,1:05,5,5,'Whats your most preferred music type?',5,6,4jnlqp,0,0,8,0,17:05,0,TRUE,FALSE,FALSE,FALSE,FALSE,FALSE,FALSE,31.30761786,0.148606811,29.97433425,0.158415842,1.333283616,-0.00980903
1,0:00:59,3:21,1,159,'Who comes to mind when I say her?',6,8,4jo7h0,0,0,5,0,19:21,0,FALSE,TRUE,TRUE,FALSE,FALSE,FALSE,FALSE,125.7139366,0.135448916,119.6622673,0.147689769,6.051669335,-0.012240853
1,0:00:52,6:25,2,79,'Where are you from (country) and what are you doing RIGHT now?',10,12,4joys0,0,0,4,0,22:25,0,TRUE,FALSE,FALSE,TRUE,FALSE,FALSE,FALSE,16.34750221,0.139318885,16.14099393,0.148514851,0.206508279,-0.009195966
1,0:02:50,0:50,5,254,'What is the last thing that you went to A+E (or ER for non Brits) for?',10,16,4ji67u,0,0,5,0,16:50,0,TRUE,FALSE,FALSE,FALSE,FALSE,FALSE,FALSE,42.09925058,0.221362229,39.4221262,0.225247525,2.677124375,-0.003885296
1,0:01:47,7:37,5,116,'Whats one way you hope you never die?',11,8,4jp83h,0,0,8,0,23:37,0,TRUE,FALSE,FALSE,FALSE,FALSE,FALSE,FALSE,52.85554129,0.164086687,48.70053784,0.170792079,4.155003446,-0.006705392
1,0:19:44,16:22,5,6978,'Parents on Reddit what was the most embarrassing moment for you caused by your children?',13,15,4jl4e6,1,0,0,0,8:22,1,TRUE,FALSE,FALSE,FALSE,FALSE,FALSE,FALSE,71.48067967,0.147832817,65.28306032,0.149339934,6.197619359,-0.001507117
1,0:00:26,0:49,5,0,'What classic movie would bomb if released today?',14,8,4jz5tr,1,0,4,0,16:49,0,TRUE,FALSE,FALSE,FALSE,FALSE,FALSE,FALSE,73.38433506,0.219814241,69.4201223,0.217821782,3.964212756,0.001992459
1,0:00:50,22:22,5,6981,'What was cool 20 years ago but isnt now?',14,9,4jsmun,1,0,15,0,14:22,1,TRUE,FALSE,FALSE,FALSE,FALSE,FALSE,FALSE,11.26425113,0.208978328,7.97826728,0.202970297,3.285983849,0.006008031
1,0:01:07,3:49,5,2,'What is the biggest relationship advice you could ever give?',15,10,4ju3rx,1,0,6,0,19:49,0,TRUE,FALSE,FALSE,FALSE,FALSE,FALSE,FALSE,35.23108627,0.219040248,32.92571103,0.212871287,2.305375234,0.006168961
1,0:00:36,12:02,7,18,'Is it normal to pee in the shower?',15,8,4jkb33,0,0,12,0,4:02,0,FALSE,FALSE,FALSE,FALSE,FALSE,TRUE,FALSE,43.05281678,0.133900929,40.52684279,0.140264026,2.525973991,-0.006363098
3325,0:00:56,2:42,5,701,'What is something you wish was illegal?',18,7,4jo10u,0,0,11,0,18:42,0,TRUE,FALSE,FALSE,FALSE,FALSE,FALSE,FALSE,37.83345408,0.208204334,36.85253064,0.212871287,0.98092344,-0.004666953
1,0:00:41,1:34,5,218,'What is one question everyone has a good answer to?',24,10,4jnqbb,0,0,5,0,17:34,0,TRUE,FALSE,FALSE,FALSE,FALSE,FALSE,FALSE,18.21331821,0.215944272,16.69877513,0.218646865,1.514543089,-0.002702592
1,0:00:27,8:55,5,213,'Redditors of Not-America. What are some things that can be done in America that you wish you could do in your country but cant?',26,24,4jph8m,0,0,4,0,0:55,0,TRUE,FALSE,FALSE,FALSE,FALSE,FALSE,FALSE,47.1997846,0.153250774,45.23114347,0.164191419,1.968641129,-0.010940645
1,0:00:27,5:22,0,1724,'Do you think people with felonies should be denied to serve in the US Army?',27,15,4jj76z,0,0,9,0,21:22,0,FALSE,FALSE,FALSE,FALSE,FALSE,FALSE,FALSE,69.97910656,0.14628483,67.5986466,0.163366337,2.380459957,-0.017081507
1,0:00:28,2:47,7,283,'How did you beat depression?',30,5,4jimx1,0,0,10,0,18:47,0,FALSE,FALSE,FALSE,FALSE,FALSE,TRUE,FALSE,67.48496912,0.134674923,63.88756195,0.144389439,3.597407168,-0.009714516
4,0:00:00,22:53,5,747,'TV watchers of Reddit what show could you just NOT get into?',33,12,4jyl1e,1,0,14,1,14:53,1,TRUE,FALSE,FALSE,FALSE,FALSE,TRUE,FALSE,53.42919454,0.157894737,49.55421757,0.153465347,3.874976969,0.00442939
1,0:00:28,19:05,5,47,'What was your first job?',34,5,4jrn67,1,0,14,0,11:05,0,TRUE,FALSE,FALSE,FALSE,FALSE,FALSE,FALSE,19.01496657,0.206656347,15.39539656,0.201320132,3.619570006,0.005336215
1,0:00:33,0:42,5,6187,'What was told to you as a child that you now find yourself saying as an adult ?',35,18,4ji4yw,1,0,9,0,16:42,1,TRUE,FALSE,FALSE,FALSE,FALSE,FALSE,FALSE,51.20006749,0.207430341,44.80989861,0.20379538,6.390168882,0.003634961
19,0:01:21,7:25,4,11,'Do you think that aliens exist why or why not?',36,10,4jp6jj,0,0,7,0,23:25,1,FALSE,FALSE,FALSE,FALSE,TRUE,FALSE,FALSE,91.95351972,0.135448916,88.32734963,0.148514851,3.626170092,-0.013065935
55,0:04:27,13:44,1,431,'Redditors who look forward to working on Mondays: What is your job and why do you enjoy it?',47,18,4jkl5o,1,0,3,0,5:44,0,TRUE,TRUE,FALSE,FALSE,TRUE,FALSE,FALSE,58.9357171,0.151702786,54.71077785,0.153465347,4.224939254,-0.00176256
1,0:00:15,21:29,5,66,'What things make you horny?',55,5,4jmj6p,0,1,11,0,13:29,0,TRUE,FALSE,FALSE,FALSE,FALSE,FALSE,FALSE,73.41898502,0.203560372,67.02468973,0.205445545,6.394295288,-0.001885173
780,0:00:22,4:31,5,4617,'What would be repulsive if used as an alternative for milk in your cereal?',61,14,4johwl,0,0,13,0,20:31,1,TRUE,FALSE,FALSE,FALSE,FALSE,FALSE,FALSE,38.20946404,0.213622291,35.85186944,0.21369637,2.357594606,-7.40786E-05
65,0:02:13,16:03,5,797,'What is the most B.S. catchphrase and why?',70,8,4jwjtx,1,0,5,0,8:03,1,TRUE,FALSE,FALSE,FALSE,TRUE,FALSE,FALSE,29.03312111,0.20123839,26.13029667,0.20049505,2.902824439,0.000743341
11,0:21:28,6:56,5,9,'Park rangers of reddit what is the stupidest thing you have ever seen a tourist do inside a national park?',78,20,4jjibg,1,0,0,0,22:56,0,TRUE,FALSE,FALSE,FALSE,FALSE,FALSE,FALSE,27.55421974,0.1625387,25.83933783,0.171617162,1.714881909,-0.009078462
665,0:00:50,14:45,5,4811,'What is the most random thing someone has said to you during sex?',87,13,4jw90v,1,1,13,0,6:45,0,TRUE,FALSE,FALSE,FALSE,FALSE,FALSE,FALSE,54.48012103,0.228328173,49.62782369,0.22029703,4.852297343,0.008031144
1,0:00:54,22:00,5,257,'Whats a small thing a person can do for you or say to you that will practically make you fall in love with them?',105,24,4jmome,0,0,4,0,14:00,0,TRUE,FALSE,FALSE,FALSE,FALSE,FALSE,FALSE,60.48491239,0.167956656,57.9509781,0.183168317,2.533934288,-0.01521166
5,0:01:18,20:37,5,4188,'What are you willing to over pay for?',106,8,4jma2x,0,0,14,0,12:37,0,TRUE,FALSE,FALSE,FALSE,FALSE,FALSE,FALSE,11.92816277,0.199690402,13.0556363,0.20379538,-1.127473534,-0.004104977
1,0:00:32,15:42,5,84,'What is the most bullshit for men product according to you?',111,11,4jqp4r,1,0,9,0,7:42,0,TRUE,FALSE,FALSE,FALSE,FALSE,FALSE,FALSE,54.79037874,0.204334365,50.19535328,0.20049505,4.595025456,0.003839316
1,0:00:31,19:14,5,549,'What do you hate about where you live?',128,8,4jrolp,1,0,12,0,11:14,0,TRUE,FALSE,FALSE,TRUE,FALSE,FALSE,FALSE,130.7605896,0.203560372,123.7690873,0.202970297,6.991502248,0.000590074
1,0:01:19,14:21,5,570,'What item are you thankful is underpriced?',130,7,4jw61z,1,0,5,0,6:21,0,TRUE,FALSE,FALSE,FALSE,FALSE,FALSE,FALSE,40.85390141,0.202786378,37.37204446,0.201320132,3.48185695,0.001466246
13,0:00:45,3:17,5,0,'What will you never understand no matter how many times someone explains it to you?',130,15,4jzti5,1,0,4,0,19:17,0,TRUE,FALSE,FALSE,FALSE,FALSE,TRUE,FALSE,44.77371102,0.214396285,40.49669068,0.207920792,4.277020338,0.006475493
5,0:00:56,15:59,5,15408,'Whats the most annoying advice?',130,5,4jqrpm,0,0,8,0,7:59,0,TRUE,FALSE,FALSE,FALSE,FALSE,FALSE,FALSE,36.52753121,0.150928793,33.54773723,0.160066007,2.979793981,-0.009137214
8614,0:00:57,1:54,5,2243,'What is something people do that you view as incredibly rude but they may not think twice about?',130,18,4jnthl,0,0,8,0,17:54,1,TRUE,FALSE,FALSE,FALSE,FALSE,FALSE,FALSE,41.69031636,0.219814241,39.89150721,0.234323432,1.798809151,-0.014509191
1,0:01:08,22:02,5,1505,'What do other people have difficulty with that you just dont understand why?',137,13,4jhfu4,1,0,2,0,14:02,0,TRUE,FALSE,FALSE,FALSE,TRUE,FALSE,FALSE,37.32419529,0.212848297,34.46384045,0.216171617,2.860354836,-0.00332332
1978,0:01:00,15:00,5,38,'What are some mind-blowing facts that sound like BS but are actually true?',138,13,4jktha,1,0,5,0,7:00,0,TRUE,FALSE,FALSE,FALSE,FALSE,FALSE,FALSE,44.81163224,0.213622291,41.2382075,0.209570957,3.573424738,0.004051334
3,0:00:49,16:53,5,71,'What is a sound you do not want to wake up to?',145,12,4jr080,1,0,5,0,8:53,1,TRUE,FALSE,FALSE,FALSE,FALSE,FALSE,FALSE,84.27516876,0.205108359,78.49655866,0.20379538,5.778610102,0.00131298
1,0:00:49,16:32,5,659,'What is the best the bad guy won ending?',148,9,4jl5sn,0,0,2,0,8:32,0,TRUE,FALSE,FALSE,FALSE,FALSE,FALSE,FALSE,49.91146268,0.204334365,47.83717896,0.21039604,2.07428372,-0.006061674
125,0:01:05,7:12,5,234,'What subreddit always puts you in a good mood?',152,9,4jp4ww,0,0,4,0,23:12,0,TRUE,FALSE,FALSE,FALSE,FALSE,FALSE,FALSE,39.73119356,0.205108359,38.50804675,0.21039604,1.223146814,-0.00528768
19,0:00:40,3:47,5,779,'What is something you are paranoid about?',154,7,4jzxst,1,0,3,0,19:47,1,TRUE,FALSE,FALSE,FALSE,FALSE,FALSE,FALSE,0,0.206656347,0,0.209570957,0,-0.00291461
6482,0:00:21,0:58,5,15237,'What have you come to accept as part of your life now?',170,12,4jtdia,1,0,12,0,16:58,0,TRUE,FALSE,FALSE,FALSE,FALSE,FALSE,FALSE,74.43482883,0.209752322,69.33991328,0.20379538,5.094915544,0.005956942
82,0:01:03,16:27,5,4370,'Whats something that seems like total bullshit to you?',174,9,4jwnbz,1,0,4,0,8:27,1,TRUE,FALSE,FALSE,FALSE,FALSE,FALSE,FALSE,83.8856383,0.161764706,77.605612,0.170792079,6.280026294,-0.009027373
1,0:00:00,23:54,1,2353,'Redditors who claim to have seen a UFO or been abducted whats your story?',186,14,4jt2si,0,0,1,1,15:54,0,TRUE,TRUE,FALSE,FALSE,FALSE,FALSE,FALSE,53.35719083,0.141640867,51.43399139,0.155940594,1.923199447,-0.014299727
1,0:00:23,13:47,5,536,'Whats a sad but true fact?',187,6,4jkleh,1,0,9,0,5:47,0,TRUE,FALSE,FALSE,FALSE,FALSE,FALSE,FALSE,12.36924069,0.151702786,10.61559941,0.158415842,1.753641285,-0.006713055
9,0:00:17,19:05,5,356,'Students of Reddit what about school pisses you off the most?',209,11,4jrn3p,0,0,4,0,11:05,1,TRUE,FALSE,FALSE,FALSE,FALSE,FALSE,FALSE,28.65638645,0.141640867,29.07215856,0.151815182,-0.415772108,-0.010174315
1,0:00:43,18:25,5,6,'Whats something people do that you hate but feel youll look like a jerk if you ask them to stop?',234,20,4jrfrb,0,0,5,0,10:25,0,TRUE,FALSE,FALSE,FALSE,FALSE,FALSE,FALSE,78.98433094,0.174148607,74.82532597,0.190594059,4.159004966,-0.016445453
1,0:13:18,2:45,5,377,'Whats the nicest thing youve done for someone that they never found out about?',235,14,4jimna,1,0,0,0,18:45,0,TRUE,FALSE,FALSE,FALSE,FALSE,FALSE,FALSE,38.65787619,0.188854489,34.31148464,0.187293729,4.346391547,0.00156076
70,0:00:24,2:14,5,8807,'What sounds deep and profound but when you think about it is actually completely meaningless?',244,15,4jiid9,0,0,3,0,18:14,0,TRUE,FALSE,TRUE,FALSE,FALSE,FALSE,FALSE,32.21764749,0.21130031,30.76624717,0.215346535,1.451400318,-0.004046225
571,0:00:52,19:39,5,28182,'What cheese is best cheese?',257,5,4jrtai,0,0,10,0,11:39,0,TRUE,FALSE,FALSE,FALSE,FALSE,FALSE,FALSE,11.75786757,0.203560372,11.73610833,0.211221122,0.021759236,-0.007660751
20141,0:01:34,4:27,5,2953,'What do you miss the most from middle school?',265,9,4joh9v,0,0,11,0,20:27,0,TRUE,FALSE,FALSE,FALSE,FALSE,FALSE,FALSE,48.34285346,0.20123839,47.35508105,0.206270627,0.987772412,-0.005032237
1,0:00:51,6:48,5,4986,'Whats a one hit wonder that most people have probably forgotten about?',270,12,4jjhh6,1,0,11,0,22:48,0,TRUE,FALSE,FALSE,FALSE,FALSE,FALSE,FALSE,38.22017565,0.170278638,34.94419945,0.175742574,3.275976202,-0.005463936
1,0:00:16,17:04,5,399,'Park rangers and regular park visiters of reddit besides putting a baby buffalo in a car whats the dumbest thing youve seen tourists do?',273,24,4jr26w,0,0,3,0,9:04,0,TRUE,FALSE,FALSE,FALSE,FALSE,FALSE,FALSE,39.21236692,0.167182663,37.2368469,0.186468647,1.975520021,-0.019285984
1,0:00:31,16:30,5,0,'I recently heard someone say that the US military is essentially the worlds batman - imperfect yet necessary. What do you all think?',277,23,4jl5mh,0,0,6,0,8:30,0,TRUE,FALSE,FALSE,FALSE,FALSE,FALSE,FALSE,42.7489333,0.150928793,41.30380093,0.173267327,1.445132366,-0.022338534
124,0:00:33,21:18,5,281,'What are some songs to play at a funeral?',278,9,4jmh4b,0,0,10,0,13:18,0,TRUE,FALSE,FALSE,FALSE,FALSE,FALSE,FALSE,58.05175196,0.199690402,54.16981295,0.202970297,3.881939011,-0.003279895
1,0:01:50,14:28,5,141,'What is a song thats everyone has heard but doesnt know the name of?',289,14,4jkpt6,1,0,8,0,6:28,1,TRUE,FALSE,FALSE,FALSE,FALSE,FALSE,FALSE,72.11160013,0.214396285,68.63073653,0.21369637,3.480863604,0.000699915
1,0:00:32,20:23,5,126,'What is something you think is really creepy/unsettling but other people dont?',301,12,4jm7oq,0,0,4,0,12:23,0,TRUE,FALSE,FALSE,FALSE,FALSE,FALSE,FALSE,43.82680141,0.223684211,40.79359042,0.235973597,3.033210985,-0.012289387
7,0:00:23,6:41,7,164,'How well hidden is your porn folder?',314,7,4jp0t4,0,1,8,0,22:41,0,FALSE,FALSE,FALSE,FALSE,FALSE,TRUE,FALSE,16.65653599,0.133900929,16.20577751,0.145214521,0.450758474,-0.011313593
1623,0:00:46,1:57,5,25876,'What is the most 1st world thing you tried to do in a 3rd world country?',323,16,4jnu39,0,0,6,0,17:57,0,TRUE,FALSE,FALSE,FALSE,FALSE,FALSE,FALSE,42.51390021,0.218266254,40.62720677,0.225247525,1.886693439,-0.006981271
39,0:02:23,23:23,5,24163,'Whats the funniest reason you were kicked out of class?',328,10,4jsxgf,1,0,5,0,15:23,0,TRUE,FALSE,FALSE,FALSE,FALSE,FALSE,FALSE,51.14416326,0.154798762,47.13551416,0.156765677,4.008649099,-0.001966915
2424,0:00:18,11:36,5,8408,'What do most people do too late?',333,7,4jvp0x,1,0,6,0,3:36,0,TRUE,FALSE,FALSE,FALSE,FALSE,FALSE,FALSE,19.44136957,0.210526316,19.22979867,0.21369637,0.211570899,-0.003170054
110,0:02:51,15:53,7,273,'Hows sex different in USA from Europe and vise versa?',334,10,4jl0dr,1,1,1,0,7:53,0,FALSE,FALSE,FALSE,FALSE,FALSE,TRUE,FALSE,25.76800958,0.145510836,21.54763517,0.139438944,4.220374407,0.006071892
25,0:03:07,0:34,5,876,'Reddit whats the most fucked up thing youve seen someone do at a supermarket?',335,14,4ji3sm,1,0,1,0,16:34,0,TRUE,FALSE,FALSE,FALSE,FALSE,FALSE,FALSE,62.01030402,0.172600619,58.22090735,0.179867987,3.789396666,-0.007267368
11455,0:03:52,21:49,5,47408,'Whats something everyone believes that isnt actually true?',338,8,4jsh5q,0,0,6,0,13:49,0,TRUE,FALSE,FALSE,FALSE,FALSE,FALSE,FALSE,34.82636405,0.165634675,33.14868511,0.174917492,1.677678939,-0.009282817
2,0:01:59,5:02,7,4078,'How are people able to go and have unprotected sex without the fear of STDs pregnancies?',342,16,4jomvk,0,1,3,0,21:02,1,FALSE,FALSE,FALSE,FALSE,FALSE,TRUE,FALSE,44.44221932,0.15247678,41.49886445,0.164191419,2.943354875,-0.011714639
645,0:01:28,6:15,5,7368,'What is the most embarrassing non-sexual thing to be caught doing?',368,11,4jjdos,0,0,2,0,22:15,0,TRUE,FALSE,FALSE,FALSE,FALSE,FALSE,FALSE,86.823325,0.21749226,81.84258306,0.2169967,4.98074194,0.00049556
1,0:00:00,15:59,1,6045,'People whove had to kill others in self defence how was it like? Hows life now and what kind of aftermath followed?',371,22,4jfzij,1,0,1,1,7:59,0,TRUE,TRUE,FALSE,FALSE,FALSE,TRUE,FALSE,52.61794841,0.153250774,48.21218693,0.146039604,4.405761482,0.00721117
965,0:01:15,16:07,5,215,'What song (s) did your Ex ruin for you?',376,9,4jqszd,1,0,5,0,8:07,0,TRUE,FALSE,FALSE,FALSE,FALSE,FALSE,FALSE,31.18843808,0.21130031,28.53096152,0.21039604,2.657476553,0.00090427
38,0:00:23,2:30,5,398,'What is something you should never say to a child?',381,10,4jnz50,0,0,7,0,18:30,0,TRUE,FALSE,FALSE,FALSE,FALSE,FALSE,FALSE,62.27477472,0.215170279,57.58698583,0.218646865,4.687788892,-0.003476586
3198,0:01:07,1:28,5,1304,'What is something you were surprised to learn about another country?',391,11,4jibyr,1,0,2,0,17:28,0,TRUE,FALSE,FALSE,FALSE,FALSE,FALSE,FALSE,56.72215704,0.209752322,52.86093553,0.212871287,3.861221515,-0.003118965
9271,0:00:13,15:25,5,37959,'Whats a song nobody hates?',393,5,4jkwm9,1,0,7,0,7:25,0,TRUE,FALSE,FALSE,FALSE,FALSE,FALSE,FALSE,51.3228461,0.154024768,46.92303353,0.159240924,4.399812575,-0.005216156
1,0:00:14,21:07,5,3193,'What are some cases of the movie was better than the book?',404,12,4js9nc,0,0,7,0,13:07,1,TRUE,FALSE,FALSE,FALSE,FALSE,FALSE,FALSE,29.34742744,0.205108359,28.14241757,0.211221122,1.205009871,-0.006112763
1,0:00:19,22:18,5,31,'Whats the most common driving error you see people do all the time?',413,13,4jms0a,0,0,8,0,14:18,0,TRUE,FALSE,FALSE,FALSE,FALSE,FALSE,FALSE,37.76550117,0.1625387,37.02916455,0.177392739,0.736336626,-0.01485404
1,0:00:46,14:48,5,671,'Reddit what is one stereotype about your race/religion/nationality that is actually almost always true?',417,14,4jqhm7,0,0,5,0,6:48,0,TRUE,FALSE,FALSE,FALSE,FALSE,FALSE,FALSE,8.945985821,0.154024768,7.399919621,0.160066007,1.5460662,-0.006041239
1,0:00:34,23:00,5,2064,'What question can you ask someone to immediately cause them to panic?',418,12,4jymdh,1,0,12,0,15:00,1,TRUE,FALSE,FALSE,FALSE,FALSE,FALSE,FALSE,63.1536899,0.21130031,57.91602085,0.207920792,5.237669052,0.003379518
6,0:00:27,3:14,5,10371,'Whats something you do every time you get drunk without fail?',434,11,4jtyii,1,1,11,0,19:14,0,TRUE,FALSE,FALSE,FALSE,FALSE,FALSE,FALSE,56.51918425,0.167182663,52.49852366,0.172442244,4.020660586,-0.005259582
193172,0:01:34,15:29,5,19316,'What is the most traumatizing incident you have witnessed in real life?',446,12,4jwexq,1,1,4,0,7:29,0,TRUE,FALSE,FALSE,FALSE,FALSE,FALSE,FALSE,39.63414394,0.212848297,36.09961222,0.20379538,3.534531723,0.009052918
9,0:02:00,10:32,5,1826,'Whats something people get irrationally angry about?',473,7,4jprn5,0,0,6,0,2:32,0,TRUE,FALSE,FALSE,FALSE,FALSE,FALSE,FALSE,38.90917581,0.171052632,36.82288948,0.180693069,2.086286327,-0.009640438
1076,0:00:27,17:53,5,1369,'What non-sexual things/actions Are some of the most satisfying in life?',480,11,4jliks,0,1,5,0,9:53,1,TRUE,FALSE,FALSE,FALSE,FALSE,FALSE,FALSE,32.43099268,0.207430341,28.72423606,0.20709571,3.706756618,0.000334631
1,0:59:37,22:21,1,199,'Redditors who were previously child-free (by choice) but who are now parents: what made you change your mind and decide to have a child?',481,24,4jsmr5,1,0,0,0,14:21,0,TRUE,TRUE,FALSE,FALSE,FALSE,FALSE,FALSE,69.39915355,0.156346749,63.57684479,0.157590759,5.822308762,-0.00124401
5452,0:02:14,16:13,5,17223,'What is something commonly accepted that you actually find a little bit strange?',485,13,4jqtsm,1,0,4,0,8:13,1,TRUE,FALSE,FALSE,FALSE,FALSE,FALSE,FALSE,31.65118396,0.216718266,28.38787349,0.216171617,3.263310469,0.000546649
98,0:00:36,7:31,7,149,'Do you sit down in the shower? and why?',502,9,4jjm7v,1,0,8,0,23:31,1,FALSE,FALSE,FALSE,FALSE,TRUE,TRUE,FALSE,65.12734927,0.133900929,60.14778583,0.139438944,4.979563439,-0.005538015
860,0:01:30,4:17,5,176,'What made you not like your friend as much?',515,9,4jofsi,0,0,7,0,20:17,0,TRUE,FALSE,FALSE,FALSE,FALSE,FALSE,FALSE,30.43868172,0.205882353,29.31096663,0.212046205,1.127715095,-0.006163852
3971,0:00:45,10:52,5,14977,'What celebrity fell the furthest?',519,5,4jptmc,0,0,6,0,2:52,1,TRUE,FALSE,FALSE,FALSE,FALSE,FALSE,FALSE,57.3700211,0.200464396,54.69584574,0.202970297,2.674175363,-0.002505901
33610,0:00:58,3:36,5,22240,'What is one thing EVERYONE is waiting for?',534,8,4jzw9f,1,0,10,0,19:36,1,TRUE,FALSE,FALSE,FALSE,FALSE,FALSE,FALSE,60.88221667,0.224458204,55.47283315,0.221122112,5.409383516,0.003336092
5045,0:02:52,0:56,5,65646,'What is the most socially awkward thing youve ever done?',549,10,4jnkea,0,0,1,0,16:56,1,TRUE,FALSE,FALSE,FALSE,FALSE,FALSE,FALSE,15.55650481,0.229876161,15.81330138,0.234323432,-0.256796574,-0.004447271
1,0:00:52,3:02,5,408979,'What are you not interested in that most people on Reddit are?',556,12,4jo4bj,0,0,8,0,19:02,1,TRUE,FALSE,FALSE,FALSE,FALSE,FALSE,FALSE,19.94136957,0.220588235,18.72979867,0.22359736,1.211570899,-0.003009124
165,0:00:24,13:14,5,43291,'What do you like about yourself?',558,6,4jq761,1,0,10,0,5:14,0,TRUE,FALSE,FALSE,FALSE,FALSE,FALSE,FALSE,120.1372974,0.203560372,110.7652939,0.205445545,9.372003508,-0.001885173
803,0:01:34,1:54,5,101,'Gamers of Reddit whats your favourite example of game logic?',577,10,4jifo2,1,0,3,0,17:54,0,TRUE,FALSE,FALSE,FALSE,FALSE,FALSE,FALSE,30.91820873,0.149380805,27.79398458,0.152640264,3.124224157,-0.003259459
1426,0:00:26,11:57,5,285,'What do people use incorrectly almost all the time?',604,9,4jkaoe,1,0,8,0,3:57,0,TRUE,FALSE,FALSE,FALSE,FALSE,FALSE,FALSE,36.31093364,0.218266254,33.37555123,0.217821782,2.935382407,0.000444472
867,0:00:28,1:53,5,252,'Reddit what is your most irrational or ridiculous fear?',615,9,4jifgj,0,0,7,0,17:53,0,TRUE,FALSE,FALSE,FALSE,FALSE,FALSE,FALSE,16.66879052,0.13622291,16.34546871,0.146864686,0.32332181,-0.010641776
4,0:07:33,19:59,5,1432,'What are some creepy found footage videos that are real?',623,10,4jrwrr,1,0,1,0,11:59,0,TRUE,FALSE,FALSE,FALSE,FALSE,FALSE,FALSE,30.84105515,0.208978328,26.39731693,0.201320132,4.443738217,0.007658196
55,0:00:58,15:21,5,357,'What song when played makes you appreciate life and makes you feel at peace?',647,14,4jwdsw,1,0,10,0,7:21,0,TRUE,FALSE,TRUE,FALSE,FALSE,FALSE,FALSE,59.36079904,0.222136223,54.48305873,0.20709571,4.877740307,0.015040513
42053,0:02:01,15:50,5,612,'What scene in a film or television show always gets to you on an emotional level and makes you tear up?',651,21,4jkzvm,1,0,10,0,7:50,0,TRUE,FALSE,FALSE,FALSE,FALSE,TRUE,FALSE,53.94257482,0.215944272,51.18618307,0.209570957,2.756391744,0.006373315
1,0:00:47,3:36,5,10,'What is much more serious than people realize?',666,8,4ju1qm,1,0,12,0,19:36,0,TRUE,FALSE,FALSE,FALSE,FALSE,FALSE,FALSE,39.30917581,0.213622291,36.27288948,0.214521452,3.036286327,-0.000899161
465,0:00:29,10:10,5,942,'What is the question you want to ask a member of the other sex?',675,14,4jk1cv,0,1,4,0,2:10,0,TRUE,FALSE,FALSE,FALSE,FALSE,FALSE,FALSE,57.43175077,0.212074303,54.40071083,0.209570957,3.031039944,0.002503346
12430,0:00:44,16:21,5,60954,'What is an obvious scam?',683,5,4jl47m,1,0,9,0,8:21,1,TRUE,FALSE,FALSE,FALSE,FALSE,FALSE,FALSE,12.64806823,0.20123839,10.76255777,0.20049505,1.885510459,0.000743341
1,0:01:20,23:02,5,3118,'What is the best advice someone has given you?',683,9,4jsttj,1,0,2,0,15:02,0,TRUE,FALSE,FALSE,FALSE,FALSE,FALSE,FALSE,45.43058728,0.213622291,41.7580793,0.214521452,3.672507986,-0.000899161
480,0:00:58,7:39,5,6568,'What is something youve always fantasized about doing but will never actually do?',686,13,4jjn24,1,1,6,0,23:39,0,TRUE,FALSE,FALSE,FALSE,FALSE,FALSE,FALSE,24.73750249,0.226780186,22.50667335,0.224422442,2.230829138,0.002357744
18,0:01:15,23:46,5,928,'What are the worst movie quotes you can say during sex?',704,11,4jyutx,1,1,6,0,15:46,0,TRUE,FALSE,FALSE,FALSE,FALSE,FALSE,FALSE,59.68050184,0.215170279,55.99764486,0.218646865,3.682856982,-0.003476586
5811,0:01:22,1:48,5,248,'What song instantly puts you in a good mood?',711,9,4jnsnq,0,0,6,0,17:48,0,TRUE,FALSE,FALSE,FALSE,FALSE,FALSE,FALSE,38.98119356,0.207430341,38.00804675,0.212046205,0.973146814,-0.004615864
179791,0:01:27,16:21,5,4233,'What was the most frugal thing youve done?',715,8,4jqv1e,0,0,6,0,8:21,0,TRUE,FALSE,FALSE,FALSE,FALSE,FALSE,FALSE,57.22601924,0.225232198,52.25320554,0.226072607,4.972813706,-0.000840409
1120,0:00:58,23:59,5,303,'Whats something that triggers you?',729,5,4jnaa1,0,0,10,0,15:59,0,TRUE,FALSE,FALSE,FALSE,FALSE,FALSE,FALSE,85.33096234,0.154798762,82.0266934,0.167491749,3.304268934,-0.012692988
2871,0:00:19,21:00,5,409,'What do YOU have difficulty with that no one else seems to have?',734,13,4jme3w,0,0,6,0,13:00,0,TRUE,FALSE,FALSE,FALSE,FALSE,FALSE,FALSE,54.76952311,0.209752322,51.65134075,0.212046205,3.118182359,-0.002293883
4297,0:00:33,15:50,5,988,'What wasnt cool 20 years ago but is now?',801,9,4jwi0t,1,0,10,0,7:50,0,TRUE,FALSE,FALSE,FALSE,FALSE,FALSE,FALSE,11.26425113,0.208204334,7.97826728,0.202145215,3.285983849,0.00605912
4080,0:00:31,17:13,5,31881,'Reddit whats the most fucked up thing youve seen someone do at an amusement park?',820,15,4jlc7g,0,0,1,0,9:13,0,TRUE,FALSE,FALSE,FALSE,FALSE,FALSE,FALSE,57.53684706,0.172600619,54.37833752,0.182343234,3.158509542,-0.009742615
61,0:01:08,9:00,5,1659,'What statement sounds a lot worse if you add so far to the end?',828,14,4jjutv,0,0,8,0,1:00,1,TRUE,FALSE,FALSE,FALSE,FALSE,FALSE,FALSE,48.28323772,0.202012384,46.48159853,0.209570957,1.80163919,-0.007558573
658,0:01:25,10:01,4,918,'People of reddit why cant you sleep tonight?',830,8,4jk0in,0,0,9,0,2:01,1,FALSE,FALSE,FALSE,FALSE,TRUE,FALSE,FALSE,48.75293707,0.13622291,46.98126552,0.147689769,1.77167155,-0.011466859
1,0:01:31,17:21,5,107,'Redditors with great parents What did they do RIGHT?',836,9,4jr4sy,1,0,5,0,9:21,1,TRUE,FALSE,FALSE,FALSE,FALSE,FALSE,FALSE,19.57869953,0.145510836,16.09607729,0.148514851,3.482622239,-0.003004016
7595,0:00:00,13:27,3,1981,'When is abortion morally correct?',843,5,4jq8hc,0,0,10,1,5:27,0,FALSE,FALSE,TRUE,FALSE,FALSE,FALSE,FALSE,49.77631461,0.131578947,48.34474093,0.141914191,1.431573685,-0.010335244
1,0:01:50,4:35,5,8220,'What have you seen on the Internet once but are unable to find it again?',843,15,4jj15s,0,0,3,0,20:35,0,TRUE,FALSE,FALSE,FALSE,FALSE,FALSE,FALSE,51.62243832,0.204334365,47.4627551,0.209570957,4.159683221,-0.005236592
16,0:05:53,14:39,5,6702,'Window Cleaners of Reddit whats the most messed up thing youve accidentally seen while cleaning someones windows? ',882,18,4jqgk4,0,1,1,0,6:39,0,TRUE,FALSE,FALSE,FALSE,FALSE,FALSE,FALSE,53.74246656,0.170278638,50.83824528,0.183168317,2.904221278,-0.012889679
187,0:00:38,14:31,5,1066,'What would you do for $100000000 but not for $100000?',948,10,4jqfka,1,0,10,0,6:31,0,TRUE,FALSE,FALSE,FALSE,FALSE,FALSE,FALSE,28.631112,0.21749226,25.86854176,0.209570957,2.762570249,0.007921303
114,0:01:16,18:38,5,1114,'What food did you try that one time that made you NEVER want to try it again?',966,17,4jri48,0,0,4,0,10:38,0,TRUE,FALSE,FALSE,FALSE,FALSE,FALSE,FALSE,67.06056884,0.219814241,62.63614236,0.224422442,4.424426485,-0.004608201
30502,0:00:23,23:19,5,5039,'What are some good pro-tips for fast food restaurants?',969,9,4jn2yj,0,0,5,0,15:19,0,TRUE,FALSE,FALSE,FALSE,FALSE,FALSE,FALSE,18.64463356,0.206656347,18.17612651,0.21039604,0.468507054,-0.003739693
309,0:00:27,14:13,5,195,'The world is about to end but you can save 1 TB of information for whatever civilisation comes next. What do you save?',975,23,4jqdfn,1,0,8,0,6:13,0,TRUE,FALSE,FALSE,FALSE,FALSE,FALSE,FALSE,44.03454319,0.150154799,40.58944661,0.146864686,3.445096581,0.003290112
1,0:00:50,20:51,5,384,'What thing triggers you to say Yep thats my country?',981,10,4js6kp,0,0,3,0,12:51,0,TRUE,FALSE,FALSE,FALSE,FALSE,FALSE,FALSE,60.85538975,0.218266254,59.007457,0.227722772,1.847932751,-0.009456518
209,0:00:16,14:46,5,739,'What film should never get a sequel?',990,7,4jw950,1,0,6,0,6:46,0,TRUE,FALSE,FALSE,FALSE,FALSE,FALSE,FALSE,42.14088801,0.21130031,38.77864295,0.206270627,3.362245061,0.005029683
145,0:00:54,21:24,5,2496,'What piece of specific clothing do you wish you could wear but social customs or established self image discourages it?',992,20,4jscq9,1,0,10,0,13:24,0,TRUE,FALSE,FALSE,FALSE,FALSE,FALSE,FALSE,48.01974649,0.218266254,44.0278364,0.206270627,3.991910086,0.011995627
2687,0:00:24,16:44,4,7473,'Canadians of Reddit why shouldnt an American relocate from the USA to Canada?',1027,13,4jl7ow,1,0,4,0,8:44,0,FALSE,FALSE,FALSE,FALSE,TRUE,FALSE,FALSE,17.90407864,0.147058824,16.11415562,0.146864686,1.789923018,0.000194137
1,0:08:26,20:36,5,7,'Teachers of Reddit what was the most creative example of cheating that you have witnessed in your class?',1032,18,4js3rb,1,0,1,0,12:36,0,TRUE,FALSE,FALSE,FALSE,FALSE,FALSE,FALSE,44.64748072,0.147832817,40.79060147,0.146864686,3.85687925,0.000968131
938,0:00:20,1:10,5,37,'I eat like an average American. What are the simplest ways to improve my diet?',1037,15,4jtfmw,0,0,16,0,17:10,0,TRUE,FALSE,FALSE,FALSE,FALSE,FALSE,FALSE,47.00399129,0.144736842,44.48971944,0.156765677,2.514271851,-0.012028834
2587,0:02:04,19:47,5,3719,'Anime-watchers of reddit: In your opinion what is the most underrated anime?',1177,12,4jrul0,0,0,7,0,11:47,0,TRUE,FALSE,FALSE,FALSE,FALSE,FALSE,FALSE,27.54502643,0.140866873,27.29177969,0.154290429,0.25324674,-0.013423556
882,0:00:00,20:33,5,3446,'Recruiters/employers of Reddit what are some red flags on resumes that you will NOT hire people if you see?',1188,19,4jxupe,1,0,3,0,12:33,0,TRUE,FALSE,FALSE,FALSE,FALSE,FALSE,FALSE,65.86715569,0.158668731,62.25450744,0.162541254,3.61264825,-0.003872523
573,0:00:18,2:46,5,1213,'If you had to eat 75 of one food in one sitting what food would it be?',1197,17,4jzouu,1,0,14,0,18:46,0,TRUE,FALSE,FALSE,FALSE,FALSE,FALSE,FALSE,45.85053892,0.174922601,41.33049767,0.171617162,4.520041248,0.003305439
2547,0:00:41,5:26,5,3666,'What is the one film so emotionally depressing to you that you can never ever watch it again?',1214,18,4joqh0,0,0,9,0,21:26,0,TRUE,FALSE,FALSE,FALSE,FALSE,FALSE,FALSE,48.68670174,0.218266254,47.37086134,0.221947195,1.315840402,-0.003680941
77208,0:01:03,11:40,5,28704,'Movie-watchers of reddit: In your opinion what is the most underrated movie?',1245,12,4jpy57,1,0,10,0,3:40,1,TRUE,FALSE,FALSE,FALSE,FALSE,FALSE,FALSE,37.79655931,0.145510836,38.35948684,0.161716172,-0.562927526,-0.016205336
3571,0:00:28,23:30,5,17438,'What small habit does your spouse/partner have that really irritates you?',1257,11,4jn4yt,0,0,5,0,15:30,0,TRUE,FALSE,FALSE,FALSE,FALSE,FALSE,FALSE,36.90654001,0.203560372,36.01193662,0.207920792,0.894603395,-0.004360421
2917,0:01:52,17:52,5,1845,'Reddit what do you want for your birthday?',1258,8,4jlikb,0,0,5,0,9:52,0,TRUE,FALSE,FALSE,FALSE,FALSE,FALSE,FALSE,74.62266512,0.137770898,70.22647287,0.146864686,4.396192251,-0.009093789
448,0:00:24,21:04,5,41372,'What job do you have zero experience in but are confident you could do successfully?',1274,15,4jy0ku,1,0,7,0,13:04,0,TRUE,FALSE,FALSE,FALSE,FALSE,FALSE,FALSE,35.02046315,0.212848297,31.91940853,0.202970297,3.101054612,0.009878
1,0:00:00,14:59,5,1452,'Whats the most interesting/creepiest thing youve read on an internet forum?',1287,11,4jqj1a,1,0,2,1,6:59,0,TRUE,FALSE,FALSE,FALSE,FALSE,FALSE,FALSE,35.63278703,0.177244582,32.70152389,0.178217822,2.931263144,-0.00097324
11042,0:00:00,3:49,1,15247,'Men who have been sexually assulted by a woman What was it like?',1300,13,4jiv7x,0,0,3,1,19:49,0,TRUE,TRUE,FALSE,FALSE,FALSE,FALSE,FALSE,51.3736057,0.142414861,48.37241731,0.151815182,3.001188388,-0.009400321
1,0:00:29,18:36,5,9315,'Besides sex or money what do you daydream/fantasize about?',1303,9,4jrhqv,1,1,16,0,10:36,1,TRUE,FALSE,FALSE,FALSE,FALSE,FALSE,FALSE,33.79177741,0.140866873,28.08263337,0.139438944,5.709144041,0.001427929
64642,0:00:31,2:13,6,33224,'If animals could talk which animal would have the coolest personality?',1321,11,4jzjpo,1,0,6,0,18:13,1,FALSE,FALSE,FALSE,FALSE,FALSE,FALSE,TRUE,39.36430133,0.159442724,34.07008358,0.151815182,5.294217751,0.007627543
145136,0:02:27,11:24,5,47320,'What is only creepy when girls do it?',1402,8,4jk7pd,0,0,5,0,3:24,0,TRUE,FALSE,TRUE,FALSE,FALSE,FALSE,FALSE,36.64757408,0.200464396,34.09336358,0.202970297,2.554210495,-0.002505901
67,0:00:43,16:52,5,41,'What social taboos shouldnt be taboo?',1433,6,4jwr3t,1,0,5,0,8:52,1,TRUE,FALSE,FALSE,FALSE,FALSE,FALSE,FALSE,31.47539014,0.205108359,28.64745883,0.202145215,2.827931309,0.002963145
403,0:07:47,0:50,5,10966,'elementary school teachers what is the most disgusting thing you have seen a child do?',1470,15,4ji642,1,0,1,0,16:50,1,TRUE,FALSE,FALSE,FALSE,FALSE,FALSE,FALSE,48.9565087,0.156346749,44.64066971,0.160891089,4.315838991,-0.00454434
5455,0:00:32,22:41,5,2644,'What item completely changed your way of life after you found out about it?',1526,14,4jyiu4,1,0,3,0,14:41,0,TRUE,FALSE,FALSE,FALSE,FALSE,FALSE,FALSE,61.93130756,0.215944272,56.74541995,0.207920792,5.185887609,0.00802348
24305,0:00:46,13:08,6,9267,'You die hell is real and your punishment is that you have to physically live out every video game character youve ever controlled. Which is the most horrendous?',1589,28,4jkhhg,1,0,8,0,5:08,1,FALSE,FALSE,FALSE,FALSE,FALSE,FALSE,TRUE,31.91362948,0.167182663,28.93387139,0.159240924,2.979758089,0.007941738
15740,0:01:13,17:10,5,52909,'Whats the cheapest item from our times you can think of that if you were to take back in time people would be literally willing to wage war over?',1667,29,4jr333,0,0,4,0,9:10,1,TRUE,FALSE,FALSE,FALSE,FALSE,FALSE,FALSE,47.20982707,0.181888545,45.57020134,0.197194719,1.639625732,-0.015306175
69230,0:00:46,4:59,0,259217,'Announcing our contest winner and some other stuff',1690,8,4jj45x,1,0,3,0,20:59,1,FALSE,FALSE,FALSE,FALSE,FALSE,FALSE,FALSE,35.7693068,0.135448916,31.77928545,0.136963696,3.990021352,-0.00151478
15093,0:01:03,14:45,5,6774,'What absolutely fascinates you and why?',1782,6,4jw8zs,1,0,2,0,6:45,0,TRUE,FALSE,FALSE,FALSE,TRUE,FALSE,FALSE,49.82109369,0.20123839,45.99187687,0.20049505,3.829216821,0.000743341
217931,0:01:14,18:37,5,433985,'Movie-watchers of reddit: In your opinion what is the most overrated movie?',1800,12,4jrhyg,0,0,6,0,10:37,1,TRUE,FALSE,FALSE,FALSE,FALSE,FALSE,FALSE,37.79655931,0.144736842,38.35948684,0.162541254,-0.562927526,-0.017804412
1,0:00:34,15:08,5,111,'What do you think is your most under rated comment on reddit?',1810,12,4jqk7a,0,0,5,0,7:08,0,TRUE,FALSE,FALSE,FALSE,FALSE,FALSE,FALSE,70.31630945,0.205882353,67.97515908,0.215346535,2.341150375,-0.009464182
743,0:00:45,8:19,4,7084,'Reddit why are you up so late?',1951,7,4jjqxn,0,0,10,0,0:19,1,FALSE,FALSE,FALSE,FALSE,TRUE,FALSE,FALSE,1,0.135448916,3,0.144389439,-2,-0.008940523
851,0:01:02,2:26,5,13509,'What was the worst meal that you ate out of politeness?',2025,11,4jzltd,1,0,2,0,18:26,0,TRUE,FALSE,FALSE,FALSE,FALSE,FALSE,FALSE,46.61456021,0.205108359,43.22583968,0.202145215,3.388720534,0.002963145
12953,0:00:45,20:24,5,50395,'What words have lost their meaning?',2041,6,4js1kz,1,0,10,0,12:24,0,TRUE,FALSE,FALSE,FALSE,FALSE,FALSE,FALSE,70.71546698,0.202012384,65.58747709,0.201320132,5.127989886,0.000692252