author_link_karma,time_to_first_comment,post_localTime,author_gold,author_comment_karma,”title”,author_account_age,title_length,hot,nsfw,10min_comment,serious,post_utcTime,What
6149,0:00:44,2016-05-02/15:35:01,0,4112,”What is a really inappropriate question you have always wanted to ask? ”,66,13,1,1,7,0,2016-05-02/07:35:01,TRUE
1961,0:19:46,2016-05-02/05:53:30,1,90,"”Parents of Reddit, what is the weirdest thing youve caught your child doing?”",672,13,1,1,0,0,2016-05-01/21:53:30,
278,0:00:13,2016-05-02/14:23:08,0,10,"”Reddit, what is your greatest irrational fear?”",21,7,1,0,16,0,2016-05-02/06:23:08,
1,0:00:00,2016-05-02/12:02:42,0,9684,”Redditors who have been kidnapped what was it like and how did you escape?”,514,14,1,0,1,1,2016-05-02/04:02:42,
9252,0:00:00,2016-05-02/18:24:19,0,9126,”Which fictional character do you genuinely feel sorry for?”,688,9,1,0,2,1,2016-05-02/10:24:19,
1392,0:00:00,2016-05-02/17:07:41,0,14773,”Whats a song that gives you goosebumps or makes you shiver every time you hear it?”,756,16,1,0,3,1,2016-05-02/09:07:41,
27568,0:04:31,2016-05-02/13:55:47,0,30594,"”Sleepwalkers, what is the strangest incident of you wandering around?”",1442,10,1,0,3,0,2016-05-02/05:55:47,
69,0:00:00,2016-05-01/22:49:19,0,868,”What are some good brands to avoid due to bad ethics?”,542,11,1,0,3,1,2016-05-01/14:49:19,
1,0:00:44,2016-05-02/06:14:46,0,57,”Whats your best story of a moment when someone displayed a complete lack of common sense?”,371,16,1,0,3,0,2016-05-01/22:14:46,
8567,0:46:17,2016-05-01/20:00:26,0,12600,"”Relatives of murderers, what memories stand out as red flags?”",828,10,1,0,0,0,2016-05-01/12:00:26,
350,0:02:00,2016-05-02/18:43:42,0,948,”What are some historical plot twists?”,965,6,1,0,1,0,2016-05-02/10:43:42,
1,0:01:26,2016-05-02/06:32:38,0,82,”What is a tasty snack that can be eaten in large quantities with little to no weight consequences?”,964,18,1,0,10,0,2016-05-01/22:32:38,
106,0:01:00,2016-05-02/16:44:13,0,452,"”If immortality did become a thing, which profession would be the most lucrative?”",605,13,1,0,5,0,2016-05-02/08:44:13,
1,0:00:39,2016-05-02/14:29:19,0,91,”Apart from using a q-tip to itch you arsehole..... What is a good life hack that you wouldnt want anybody to know it was used by you?”,14,27,1,1,4,0,2016-05-02/06:29:19,
1,0:04:30,2016-05-02/14:04:03,0,1720,"”Experienced Redditors, one advice that you would give to the ones who joined very recently?”",224,15,1,0,3,0,2016-05-02/06:04:03,
1,0:01:23,2016-05-02/16:42:27,0,13,”How do you keep your passwords organized? Which program/method do you use?”,38,12,1,0,5,0,2016-05-02/08:42:27,
26,0:03:21,2016-05-02/18:07:23,1,297,"”What is a song almost no one knows about, but its awesome?”",419,12,1,0,5,0,2016-05-02/10:07:23,
219,0:00:36,2016-05-02/15:44:51,1,5117,”Which famous people would you like to see fight to the death?”,321,12,1,0,9,0,2016-05-02/07:44:51,
1743,0:00:35,2016-05-02/16:39:41,0,7627,”What do you wish there was an unlimited supply of?”,99,10,1,0,7,0,2016-05-02/08:39:41,
3113,0:01:18,2016-05-02/01:39:03,1,540,”What is your all-time favorite line from a song?”,226,9,1,0,8,0,2016-05-01/17:39:03,
171,0:00:30,2016-05-02/14:09:13,1,3291,”What is something thats been taken too far?”,822,8,1,0,10,0,2016-05-02/06:09:13,
887,0:00:00,2016-05-02/16:02:55,0,1611,"”Redditors who run your own business, what has been the hardest thing youve had to do experience?”",1194,16,1,0,2,1,2016-05-02/08:02:55,
8,0:00:52,2016-05-02/17:34:01,0,314,”What are some etiquette rules people break in public places?”,466,10,1,0,5,0,2016-05-02/09:34:01,
40693,0:00:12,2016-05-02/19:25:19,0,8738,”What sequel is better than the original?”,1320,7,1,0,10,0,2016-05-02/11:25:19,
8533,0:46:17,2016-05-01/20:00:26,0,12524,"”Relatives of murderers, what memories stand out as red flags?”",828,10,1,0,0,0,2016-05-01/12:00:26,
72,0:01:42,2016-05-01/15:38:32,0,1023,”Whats the funniest gross pick-up line you can think of?”,586,10,1,0,4,0,2016-05-01/07:38:32,
1,0:00:27,2016-05-01/13:43:32,0,23,”What quote do you live by?”,30,6,1,0,7,0,2016-05-01/05:43:32,
2378,0:01:55,2016-05-01/11:51:51,0,2931,”What huge thing happened that almost no one knows about?”,262,10,1,0,2,0,2016-05-01/03:51:51,
350,0:02:09,2016-05-01/16:18:07,0,567,”What is a book everyone must read?”,964,7,1,0,4,0,2016-05-01/08:18:07,
69,0:00:00,2016-05-01/22:49:19,0,868,”What are some good brands to avoid due to bad ethics?”,542,11,1,0,3,1,2016-05-01/14:49:19,
1012,0:01:43,2016-05-01/15:45:14,0,87,”what is your favorite smell?”,1217,5,1,0,9,0,2016-05-01/07:45:14,
1205,0:00:22,2016-05-01/14:06:49,0,1150,”Whats one trend you hope dies within this year?”,344,9,1,0,13,0,2016-05-01/06:06:49,
1730,0:00:41,2016-04-30/23:30:31,1,2854,"”What joke is hilarious, but takes a few seconds to get?”",89,11,1,0,5,0,2016-04-30/15:30:31,
1,0:00:22,2016-05-01/17:53:29,0,4619,”What sports would be much more interesting if all the participants have to take 7 shots of vodka before starting?”,197,20,1,0,9,0,2016-05-01/09:53:29,
755,0:00:14,2016-05-01/15:48:29,1,2080,”Whats the best non-sexual feeling in the world?”,21,8,1,1,15,0,2016-05-01/07:48:29,
11,0:00:56,2016-05-01/10:46:21,0,404,"”If you could call yourself five years ago and had 30 seconds, what would you say?”",44,16,1,0,6,0,2016-05-01/02:46:21,
1789,0:01:08,2016-05-01/01:43:07,0,24192,"”Women of reddit, what are the ways you show men youre interested?”",695,12,1,0,6,0,2016-04-30/17:43:07,
6482,0:00:13,2016-05-01/21:09:10,0,14749,”What was the worst fast food chain youve eaten at?”,154,10,1,0,7,0,2016-05-01/13:09:10,
59,0:00:33,2016-05-01/21:32:24,0,335,”How do you beat loneliness?”,298,5,1,0,10,0,2016-05-01/13:32:24,
1,0:00:47,2016-05-01/00:45:21,1,669,”Whats the farthest youve gone to impress a crush?”,148,9,1,0,10,0,2016-04-30/16:45:21,
1,0:01:46,2016-05-01/20:48:39,0,128,"”If subreddits were people, which two would have the most interesting fight to the death?”",31,15,1,0,1,0,2016-05-01/12:48:39,
1594,0:00:44,2016-05-01/21:51:53,0,876,”Whats the biggest mistake people make when studying for an exam?”,452,11,1,0,4,0,2016-05-01/13:51:53,
337,0:00:07,2016-05-01/10:04:19,0,7016,”AskReddit announces an unoriginality contest. What do you post/comment in order to win?”,63,13,1,0,5,0,2016-05-01/02:04:19,
7,0:00:32,2016-05-01/14:57:30,0,743,"”Men of reddit, what are the ways you show women youre interested?”",818,12,1,0,8,0,2016-05-01/06:57:30,
485,0:00:36,2016-05-01/18:36:20,1,260,”What do you silently judge people for?”,384,7,1,0,8,0,2016-05-01/10:36:20,
4131,0:00:15,2016-05-01/16:24:39,0,4452,”Whats something completely normal thats actually really weird if you think about it?”,917,13,1,0,9,0,2016-05-01/08:24:39,
46,0:00:52,2016-05-01/21:50:31,1,9960,"”Reddditors who have had sex with famous people, what was the best and worst part after the experience?”",293,18,1,1,5,0,2016-05-01/13:50:31,
91,0:12:15,2016-05-01/22:51:05,0,452,”You can wish some kind of tiny convenience onto someone (e.g. good hair first try) what do you wish onto them and who receives it?”,398,25,1,0,0,0,2016-05-01/14:51:05,
132,0:27:42,2016-05-04/15:15:33,0,665,"”Lawyers of Reddit, what is the most outrageous case someone has asked you to take?”",210,15,1,0,0,0,2016-05-04/07:15:33,
1,0:00:31,2016-05-04/14:13:04,0,1427,”What is a good health practice everyone should get into?”,1035,10,1,0,6,0,2016-05-04/06:13:04,
11,0:00:36,2016-05-04/13:39:15,0,6565,”What have you actually learned from playing video games?”,1211,9,1,0,9,0,2016-05-04/05:39:15,
4402,0:00:54,2016-05-04/13:39:53,1,58520,”Which actors name says to you this movie is going to suck! ?”,1712,13,1,0,11,0,2016-05-04/05:39:53,
1,0:01:25,2016-05-04/22:46:01,0,156,”What epic MOVIE scene still gives you the chills?”,51,9,1,0,7,0,2016-05-04/14:46:01,
1,0:00:34,2016-05-04/17:24:38,0,331,”What do Western people think is most crazy about Chinese culture?”,0,11,1,0,8,0,2016-05-04/09:24:38,
24,0:00:50,2016-05-04/16:37:49,1,92,”Whats the most hilarious misheard lyric?”,1493,6,1,0,9,0,2016-05-04/08:37:49,
1,0:01:44,2016-05-04/23:08:37,0,1,”What did you learn from your first real relationship?”,25,9,1,0,3,0,2016-05-04/15:08:37,
572,0:01:08,2016-05-04/17:37:21,0,27623,”What are some Excel tricks that are useful for work?”,244,10,1,0,3,0,2016-05-04/09:37:21,
729,0:00:35,2016-05-04/03:29:32,0,5985,”How would life be different if everyone had a ticker on their forehead that tracks the number of days since they last had sex?”,1240,24,1,1,12,0,2016-05-03/19:29:32,
13,0:01:37,2016-05-04/17:29:23,0,388,"”If you could have one minor superpower to make everyday life a bit easier, what would it be?”",344,18,1,0,4,0,2016-05-04/09:29:23,
5430,0:01:20,2016-05-04/10:56:11,0,5370,"”Pilots of Reddit, whats the strangest thing youve seen from the air?”",734,12,1,0,2,0,2016-05-04/02:56:11,
8062,0:00:42,2016-05-04/21:19:02,1,12744,”How would things be different if Harry Potter was born in the US instead of England?”,246,16,1,0,9,0,2016-05-04/13:19:02,
1,0:16:48,2016-05-04/17:39:02,0,31,"”Delivery men, women of Reddit, what is the strangest or creepiest thing youve encountered on the job?”",0,16,1,0,0,0,2016-05-04/09:39:02,
319,0:00:41,2016-05-04/23:29:00,1,2572,"”What is your Go-To mixed drink, and how you prepare it?”",493,11,1,0,8,0,2016-05-04/15:29:00,
1,0:00:33,2016-05-04/21:34:56,1,31,"”If you could prevent one fictional character from dying, who would it be and why?”",1070,15,1,0,5,0,2016-05-04/13:34:56,
1303,0:00:40,2016-05-04/16:07:21,1,201877,"”Besides veganism and CrossFit, what do people blab about constantly that drives you batshit crazy?”",1820,15,1,0,12,0,2016-05-04/08:07:21,
1,0:01:57,2016-05-04/23:49:22,0,30,"”People whove married twice or more, what was different the next time round?”",36,13,1,0,4,0,2016-05-04/15:49:22,
54,0:00:25,2016-05-05/00:04:36,1,10824,”What mini superpower would you want for your pet?”,38,9,1,0,5,0,2016-05-04/16:04:36,
1,0:00:59,2016-05-04/19:56:49,0,0,”Whats the best feeling you have ever experienced?”,20,8,1,0,3,0,2016-05-04/11:56:49,
5199,0:00:34,2016-05-04/18:16:06,1,692,”Whats the most frustrating feeling?”,493,5,1,0,11,0,2016-05-04/10:16:06,
667,0:01:05,2016-05-05/01:02:03,0,735,”Which actor was perfectly cast for the role they were playing?”,765,11,1,0,13,0,2016-05-04/17:02:03,
14,0:00:47,2016-05-04/18:22:57,0,0,”What is your favorite euphemism for sex?”,322,7,1,1,7,0,2016-05-04/10:22:57,
27,0:00:54,2016-05-05/01:06:18,0,82,”What do you miss about being a kid?”,504,8,1,0,6,0,2016-05-04/17:06:18,
1,0:00:27,2016-05-03/23:53:14,0,714,”All doors are now permanently open. What do you do first?”,33,11,1,0,10,0,2016-05-03/15:53:14,
8533,0:46:17,2016-05-01/20:00:26,0,12524,"”Relatives of murderers, what memories stand out as red flags?”",828,10,1,0,0,0,2016-05-01/12:00:26,
72,0:01:42,2016-05-01/15:38:32,0,1023,”Whats the funniest gross pick-up line you can think of?”,586,10,1,0,4,0,2016-05-01/07:38:32,
1,0:00:27,2016-05-01/13:43:32,0,23,”What quote do you live by?”,30,6,1,0,7,0,2016-05-01/05:43:32,
2378,0:01:55,2016-05-01/11:51:51,0,2931,”What huge thing happened that almost no one knows about?”,262,10,1,0,2,0,2016-05-01/03:51:51,
350,0:02:09,2016-05-01/16:18:07,0,567,”What is a book everyone must read?”,964,7,1,0,4,0,2016-05-01/08:18:07,
69,0:00:00,2016-05-01/22:49:19,0,868,”What are some good brands to avoid due to bad ethics?”,542,11,1,0,3,1,2016-05-01/14:49:19,
1012,0:01:43,2016-05-01/15:45:14,0,87,”what is your favorite smell?”,1217,5,1,0,9,0,2016-05-01/07:45:14,
1205,0:00:22,2016-05-01/14:06:49,0,1150,”Whats one trend you hope dies within this year?”,344,9,1,0,13,0,2016-05-01/06:06:49,
1730,0:00:41,2016-04-30/23:30:31,1,2854,"”What joke is hilarious, but takes a few seconds to get?”",89,11,1,0,5,0,2016-04-30/15:30:31,
1,0:00:22,2016-05-01/17:53:29,0,4619,”What sports would be much more interesting if all the participants have to take 7 shots of vodka before starting?”,197,20,1,0,9,0,2016-05-01/09:53:29,
755,0:00:14,2016-05-01/15:48:29,1,2080,”Whats the best non-sexual feeling in the world?”,21,8,1,1,15,0,2016-05-01/07:48:29,
11,0:00:56,2016-05-01/10:46:21,0,404,"”If you could call yourself five years ago and had 30 seconds, what would you say?”",44,16,1,0,6,0,2016-05-01/02:46:21,
1789,0:01:08,2016-05-01/01:43:07,0,24192,"”Women of reddit, what are the ways you show men youre interested?”",695,12,1,0,6,0,2016-04-30/17:43:07,
6482,0:00:13,2016-05-01/21:09:10,0,14749,”What was the worst fast food chain youve eaten at?”,154,10,1,0,7,0,2016-05-01/13:09:10,
59,0:00:33,2016-05-01/21:32:24,0,335,”How do you beat loneliness?”,298,5,1,0,10,0,2016-05-01/13:32:24,
1,0:00:47,2016-05-01/00:45:21,1,669,”Whats the farthest youve gone to impress a crush?”,148,9,1,0,10,0,2016-04-30/16:45:21,
1,0:01:46,2016-05-01/20:48:39,0,128,"”If subreddits were people, which two would have the most interesting fight to the death?”",31,15,1,0,1,0,2016-05-01/12:48:39,
1594,0:00:44,2016-05-01/21:51:53,0,876,”Whats the biggest mistake people make when studying for an exam?”,452,11,1,0,4,0,2016-05-01/13:51:53,
337,0:00:07,2016-05-01/10:04:19,0,7016,”AskReddit announces an unoriginality contest. What do you post/comment in order to win?”,63,13,1,0,5,0,2016-05-01/02:04:19,
7,0:00:32,2016-05-01/14:57:30,0,743,"”Men of reddit, what are the ways you show women youre interested?”",818,12,1,0,8,0,2016-05-01/06:57:30,
485,0:00:36,2016-05-01/18:36:20,1,260,”What do you silently judge people for?”,384,7,1,0,8,0,2016-05-01/10:36:20,
4131,0:00:15,2016-05-01/16:24:39,0,4452,”Whats something completely normal thats actually really weird if you think about it?”,917,13,1,0,9,0,2016-05-01/08:24:39,
46,0:00:52,2016-05-01/21:50:31,1,9960,"”Reddditors who have had sex with famous people, what was the best and worst part after the experience?”",293,18,1,1,5,0,2016-05-01/13:50:31,
91,0:12:15,2016-05-01/22:51:05,0,452,”You can wish some kind of tiny convenience onto someone (e.g. good hair first try) what do you wish onto them and who receives it?”,398,25,1,0,0,0,2016-05-01/14:51:05,
1,0:00:55,2016-03-05/00:00:11,1,1971,”Whats your best yo mamma joke?”,1087,6,0,0,4,0,2016-03-04/16:00:11,
19,0:00:52,2016-03-05/00:00:39,0,1209,”Do you know if flys sleep?”,113,6,0,0,1,0,2016-03-04/16:00:39,
1,0:01:07,2016-03-05/00:00:49,0,0,”Which historical figure would give the best TED talk and what would it be on?”,0,15,0,0,5,0,2016-03-04/16:00:49,
1,0:02:55,2016-03-05/00:01:14,1,2281,”Where does this breaks arms referrance come from?”,43,8,0,0,0,0,2016-03-04/16:01:14,
39,0:01:53,2016-03-05/00:02:07,0,194,”Whats something you thought was true until very recently?”,735,9,0,0,0,0,2016-03-04/16:02:07,
21,0:00:46,2016-03-05/00:02:11,1,76,”What is the most guilded thread on Reddit?”,196,8,0,0,1,0,2016-03-04/16:02:11,
1,0:01:30,2016-03-05/00:02:24,0,2059,"”Did you watch the Erin Andrews peephole video, and if so, do you feel dirty for doing so?”",157,18,0,0,2,0,2016-03-04/16:02:24,
3977,0:00:40,2016-03-05/00:02:27,0,2059,"”Reddit, you wake up tomorrow morning as the opposite gender. What would you do for the rest of the day?”",244,20,0,0,9,0,2016-03-04/16:02:27,
6216,0:00:00,2016-03-05/00:04:24,1,6495,"”People who have been in or have friends in the psychiatric ward, what helped you/them through the situation?”",1470,18,0,0,4,1,2016-03-04/16:04:24,
1434,0:01:00,2016-03-05/00:04:38,0,2144,"”What are some good iPhone games, that require no internet?”",704,10,0,0,0,0,2016-03-04/16:04:38,
3,0:00:52,2016-03-05/00:05:42,0,3466,”Why the hell do people drive a Prius?”,89,8,0,0,13,0,2016-03-04/16:05:42,
4519,0:01:59,2016-03-05/00:06:38,1,5473,"”Reddit, what are the top 10 songs on your road trip playlist?”",188,12,0,0,1,0,2016-03-04/16:06:38,
1,0:00:51,2016-03-05/00:06:49,0,35,”If you was to go back to Myspace what would be the first thing you do?”,307,16,0,0,4,0,2016-03-04/16:06:49,
2094,0:00:33,2016-03-05/00:06:58,0,121,”Out of curiosity was Trump ever rejected from an Academy of Fine Arts??”,1396,13,0,0,2,0,2016-03-04/16:06:58,
1,0:00:58,2016-03-05/00:07:07,0,4,"”Do any of you get really nervous when you have to speak in a foreign language, even when you actually know the language very well (understand it and know how to write)?”",37,32,0,0,0,0,2016-03-04/16:07:07,
14806,0:12:20,2016-03-05/00:08:38,0,20698,”What is the worst way youve been harassed?”,355,8,0,1,0,0,2016-03-04/16:08:38,
5620,0:00:52,2016-03-05/00:08:43,1,1084,”You now command an undead Nazi army. What now?”,316,9,0,0,8,0,2016-03-04/16:08:43,
976,0:01:13,2016-03-05/00:09:26,1,41521,”What product/flavor/scent do you think (or was) created on accident?”,1096,10,0,0,0,0,2016-03-04/16:09:26,
78,0:00:00,2016-03-05/00:09:32,0,310,"”Introverts of Reddit, how do you deal with talkative co-workers?”",1463,10,0,0,7,1,2016-03-04/16:09:32,
4,0:00:27,2016-03-05/00:09:32,0,471,”Whats your favourite possession that you stole from work?”,302,9,0,0,7,0,2016-03-04/16:09:32,
3,0:00:34,2016-03-05/00:10:36,0,564,"”How is the porn industry legal, why prostitution is mostly illegal in the united states? Dont they serve the same purpose?”",219,21,0,1,6,0,2016-03-04/16:10:36,
1944,0:00:31,2016-03-05/00:11:06,1,3738,”What is the funniest thing you heard at work?”,976,9,0,0,3,0,2016-03-04/16:11:06,
728,0:02:09,2016-03-05/00:11:40,0,18434,"”Going to Karaoke tonight, reddit. Whats your go-to jam if youre the one singing it?”",455,15,0,0,5,0,2016-03-04/16:11:40,
1,0:00:56,2016-03-05/00:11:44,0,8,”What use of future technology will make murder easier than ever?”,94,11,0,0,3,0,2016-03-04/16:11:44,
18455,0:00:32,2016-03-05/00:11:54,0,654,"”Say you were granted the answer to one secret of all the secrets of our universe, what secret would you choose?”",1741,21,0,0,5,0,2016-03-04/16:11:54,
152,0:00:42,2016-03-05/00:11:55,0,4038,"”Reddit, whats your favorite guitar solo?”",656,6,0,0,6,0,2016-03-04/16:11:55,
470,0:01:26,2016-03-05/00:12:07,1,106568,”What would be your make a wish foundation wish?”,1571,9,0,0,2,0,2016-03-04/16:12:07,
4270,0:01:45,2016-03-05/00:12:10,0,22,”What is the last thing that made you so mad your vision got blurry?”,579,14,0,0,0,0,2016-03-04/16:12:10,
1,0:00:48,2016-03-05/00:12:19,0,502,"”What is something that is made really, really well?”",88,9,0,0,5,0,2016-03-04/16:12:19,
89,0:01:47,2016-03-05/00:12:22,0,11258,"”Postmen of reddit, can you tell us some dog stories?”",461,10,0,0,0,0,2016-03-04/16:12:22,
62,0:00:01,2016-03-05/00:12:27,0,390,”What is the most powerful patriotic quote you have ever heard?”,106,11,0,0,4,1,2016-03-04/16:12:27,
1,0:00:57,2016-03-05/00:12:59,0,979,"”If the humans became extinct today, how long would it take for evidence of our existence, except fossils, to be obliterated?”",137,21,0,0,2,0,2016-03-04/16:12:59,
235,0:03:21,2016-03-05/00:13:31,0,433,"”Reddit, if you were starting a business what business would you start up?”",1483,13,0,0,1,0,2016-03-04/16:13:31,
1,0:00:17,2016-03-05/00:13:32,0,50,”Who coined the phrase no shit Sherlock!?”,75,7,0,0,4,0,2016-03-04/16:13:32,
2668,0:02:49,2016-03-05/00:13:39,1,7270,"”What food combination did you expect to be delicious, but tasted terribly when you tried it?”",123,16,0,0,2,0,2016-03-04/16:13:39,
3920,0:01:37,2016-03-05/00:13:46,1,3115,###############################################################################################################################################################################################################################################################,1640,45,0,0,2,0,2016-03-04/16:13:46,
2,0:00:50,2016-03-05/00:14:21,0,486,”What is the most useless feature on your smartphone/computer?”,400,9,0,0,3,0,2016-03-04/16:14:21,
10,0:00:52,2016-03-05/00:14:25,0,94,”What is the most expensive thing you broke?”,65,8,0,0,5,0,2016-03-04/16:14:25,
5,0:00:30,2016-03-05/00:14:31,1,2144,”What is one thing you like best about yourself?”,598,9,0,0,7,0,2016-03-04/16:14:31,
150,0:01:03,2016-03-05/00:15:42,0,1910,"”28-33 year olds, what type of car do you drive? Own, lease, or moms?”",903,14,0,0,7,0,2016-03-04/16:15:42,
55,0:01:06,2016-03-05/00:15:57,0,460,”What is the biggest regret you have made in your life?”,212,11,0,0,2,0,2016-03-04/16:15:57,
7,0:00:27,2016-03-05/00:16:01,0,6,"”Reddit, what is the one video you know you shouldnt laugh at, but you still do every time?”",427,18,0,0,5,0,2016-03-04/16:16:01,
267,0:00:23,2016-03-05/00:16:48,1,165,"”If you could send a message to the entire world, what would you say in 30 seconds?”",330,17,0,0,9,0,2016-03-04/16:16:48,
3297,0:03:06,2016-03-05/00:17:37,0,10776,”What online shopping cart are you currently building up to qualify for free shipping?”,1106,14,0,0,1,0,2016-03-04/16:17:37,
660,0:01:04,2016-03-05/00:17:42,1,2072,”What do you think will happen with Trump supporters if Trump DOESNT win?”,205,13,0,0,5,0,2016-03-04/16:17:42,
1,0:02:00,2016-03-05/00:17:53,0,-73,"”How is it possible that EVERYONE around you gets laid and relationships, but you dont? Is this some curse we have here or...?”",0,23,0,0,5,0,2016-03-04/16:17:53,
1,0:00:01,2016-03-05/00:17:57,0,0,"”Regardless of major, how much should you sacrifice as far as finding a first job out of college that youre even slightly passionate about vs. accepting the first decent job that youre offered and biding your time?”",5,37,0,1,3,1,2016-03-04/16:17:57,
1,0:01:26,2016-03-05/00:18:39,0,310,"”If everything was named in the same way as football, what would have the best name?”",88,16,0,0,1,0,2016-03-04/16:18:39,
5620,0:00:42,2016-03-05/00:18:42,1,1084,”What movie really pisses you off?”,316,6,0,0,8,0,2016-03-04/16:18:42,
5273,0:00:32,2016-03-05/00:19:21,1,1356,”What is the absolute worst advice to give someone?”,528,9,0,0,1,0,2016-03-04/16:19:21,
138,0:01:22,2016-03-05/00:19:42,1,10613,”What are some questions you can ask on a second date?”,81,11,0,0,4,0,2016-03-04/16:19:42,
6462,0:00:30,2016-03-05/00:20:01,0,49940,”What is the funniest show on TV?”,668,7,0,0,11,0,2016-03-04/16:20:01,
2391,0:00:43,2016-03-05/00:20:19,1,14943,"”If you could see one person naked, who would it be?”",1063,11,0,0,7,0,2016-03-04/16:20:19,
691,0:01:54,2016-03-05/00:20:51,0,19527,”Whats something you completely missed out on?”,736,7,0,0,4,0,2016-03-04/16:20:51,
238,0:00:52,2016-03-05/00:21:12,0,409,”Whos your favorite minor/supporting character in a television show?”,1184,9,0,0,4,0,2016-03-04/16:21:12,
610,0:00:58,2016-03-05/00:22:02,0,227,"”Smokers, for what reason did you pick up the habit?”",655,10,0,0,6,0,2016-03-04/16:22:02,
1800,0:00:42,2016-03-05/00:22:17,1,850,”Has anyone ever peed on someones brain?”,56,7,0,0,7,0,2016-03-04/16:22:17,
11,0:02:39,2016-03-05/00:22:35,0,767,"”Whats something you told yourself youd never do, but ended up doing anyway?”",1126,13,0,0,7,0,2016-03-04/16:22:35,
181,0:01:00,2016-03-05/00:22:56,0,3234,”Who is the smartest person that has ever lived?”,1361,9,0,0,7,0,2016-03-04/16:22:56,
3940,0:00:19,2016-03-05/00:23:00,0,2520,”What is an underrated movie everyone should watch?”,966,8,0,0,10,0,2016-03-04/16:23:00,
884,0:00:27,2016-03-05/00:23:17,0,1574,”Whats the next biggest thing happening / technology / discovery after which we start counting years from that moment (like BC/AD)?”,1190,21,0,0,4,0,2016-03-04/16:23:17,
15789,0:00:55,2016-03-05/00:23:31,0,12449,”What is something dumb that could be sold for a ton of money on Ebay?”,1458,15,0,0,5,0,2016-03-04/16:23:31,
9331,0:02:09,2016-03-05/00:24:20,0,748,”What would you do if the world was going to end in five years?”,299,14,0,0,6,0,2016-03-04/16:24:20,
29,0:01:10,2016-03-05/00:24:29,0,8,”Why are KFC crispy chicken skins not available everywhere?”,916,9,0,0,4,0,2016-03-04/16:24:29,
1,0:00:23,2016-03-05/00:24:44,0,4725,"”Reddit, whats your favorite anime?”",162,5,0,0,18,0,2016-03-04/16:24:44,
10,0:00:29,2016-03-05/00:24:56,0,94,”What is the weirdest teachers name you have ever had?”,65,10,0,0,12,0,2016-03-04/16:24:56,
1,0:00:28,2016-03-05/00:26:32,0,28,”Which super powers do the laws of physic completely ruin?”,212,10,0,0,5,0,2016-03-04/16:26:32,
1699,0:00:27,2016-03-05/00:27:16,0,12395,"”If you could see who downvotes you, what kind of Reddit chaos would that cause?”",1315,15,0,0,5,0,2016-03-04/16:27:16,
6246,0:00:32,2016-03-05/00:28:59,0,6342,”What celebrity would you like to believe is a virgin?”,678,10,0,1,11,0,2016-03-04/16:28:59,
8,0:00:25,2016-03-05/00:29:25,1,1371,"”What is something you try to restrain yourself from doing, but is so irresistible that you do it anyway?”",220,19,0,0,7,0,2016-03-04/16:29:25,
235,0:00:53,2016-03-05/00:30:37,0,411,”Do you think a cure for sleep is possible? Why?”,214,10,0,0,2,0,2016-03-04/16:30:37,
55,0:01:13,2016-03-05/00:30:54,0,21072,”Whats your favorite food that comes in a can ?”,1421,10,0,0,2,0,2016-03-04/16:30:54,
1264,0:05:35,2016-03-05/00:31:02,0,122743,”Whats the dumbest thing you did that no one saw?”,1437,10,0,0,0,0,2016-03-04/16:31:02,
128,0:03:32,2016-03-05/00:31:12,1,570,”What Reddit tip has significantly helped you in real life?”,162,10,0,0,0,0,2016-03-04/16:31:12,
56,0:01:31,2016-03-05/00:32:24,0,511,”What would happen if you are accelerating in a car then put the car in reverse?”,438,16,0,0,6,0,2016-03-04/16:32:24,
1,0:00:36,2016-03-05/00:32:28,0,481,”What is the dumbest thing that made you cry as a little kid?”,856,13,0,0,5,0,2016-03-04/16:32:28,
5,0:00:33,2016-03-05/00:33:34,0,99,”What can your gender do that the other cant?”,394,9,0,0,10,0,2016-03-04/16:33:34,
11613,0:16:12,2016-03-05/00:33:57,0,17775,”Whats the strangest thing thats happened on earth thats been explained?”,1268,11,0,0,0,0,2016-03-04/16:33:57,
1415,0:00:34,2016-03-05/00:33:57,0,188162,”You wake up in Australia. How do you die?”,1801,9,0,0,13,0,2016-03-04/16:33:57,
620,0:00:35,2016-03-05/00:34:07,1,8154,”What is the worst race + gender combination to be where you live?”,270,13,0,0,3,0,2016-03-04/16:34:07,
1,0:00:29,2016-03-05/00:34:11,0,81,"”Reddit, what can you not even?”",613,6,0,0,4,0,2016-03-04/16:34:11,
1,0:01:55,2016-03-05/00:34:17,0,792,”What is your best rap battle line?”,849,7,0,0,0,0,2016-03-04/16:34:17,
127,0:00:25,2016-03-05/00:35:08,1,1687,”Opposite of scariest thing on earth: What is the most awe inspiring thing on earth?”,555,15,0,0,5,0,2016-03-04/16:35:08,
1,0:00:15,2016-03-05/00:35:21,0,114,"”Whats a trend that you thought the public was not stupid enough to fall for, but did?”",12,17,0,0,6,0,2016-03-04/16:35:21,
164,0:03:33,2016-03-05/00:35:29,0,31361,”Whats the biggest risk you ever took that worked out really well?”,240,12,0,0,1,0,2016-03-04/16:35:29,
1,0:00:19,2016-03-05/00:35:40,0,536,”Are there any Scientologists on Reddit?”,142,6,0,0,4,0,2016-03-04/16:35:40,
17606,0:00:01,2016-03-05/00:36:36,0,2008,”What ah-ha moments did you have later in life than expected?”,486,11,0,0,0,1,2016-03-04/16:36:36,
12,0:02:33,2016-03-05/00:36:49,1,327,”What are the best professional or fan made song mash-ups?”,205,10,0,0,1,0,2016-03-04/16:36:49,
21,0:02:03,2016-03-05/00:36:52,0,-75,”Can NAFTA be repealed or is it too late?”,59,9,0,0,3,0,2016-03-04/16:36:52,
13,0:15:22,2016-03-05/00:36:58,0,91,"”Someone shared with me the Swamps of Dagobah story. Through that, I found the Jolly Rancher story. What are some of the other awful stories on Reddit?”",1715,27,0,0,0,0,2016-03-04/16:36:58,
1,0:00:00,2016-03-05/00:37:05,0,1328,"”Those of you who are related to killers, how have they affected you and your lives?”",1,16,0,0,2,1,2016-03-04/16:37:05,
3446,0:00:00,2016-03-05/00:38:04,0,1850,”Those with Political Science Bachelors degrees: what did you go on to do? i.e. What are my options?”,840,18,0,0,2,1,2016-03-04/16:38:04,
1,0:14:44,2016-03-05/00:38:07,0,9,”What is the most unfortunate series of events you have experienced in one day?”,101,14,0,0,0,0,2016-03-04/16:38:07,
44984,0:00:19,2016-03-05/00:38:10,0,418,”Good-looking people of reddit: When did you first realize you were treated differently because of your looks?”,1687,17,0,0,1,0,2016-03-04/16:38:10,
1206,0:01:07,2016-03-05/00:38:26,1,1950,”What is a completely true story of yours that everyone believes is a lie?”,1531,14,0,0,3,0,2016-03-04/16:38:26,
1916,0:00:22,2016-03-05/00:38:31,0,26,”What are you terrible at but love to do anyway?”,53,10,0,0,8,0,2016-03-04/16:38:31,
26,0:01:24,2016-03-05/00:39:04,0,354,”What could be made into a really good musical?”,58,9,0,0,5,0,2016-03-04/16:39:04,
1,0:00:35,2016-03-05/00:39:06,0,109,”What do nonsmokers think of smoking marijuana in movies?”,16,9,0,0,3,0,2016-03-04/16:39:06,
663,0:02:35,2016-03-05/00:39:16,1,180,"”If you could look at statistics on your life so far, which statistic would you be most interested in seeing?”",865,20,0,0,4,0,2016-03-04/16:39:16,
2799,0:01:32,2016-03-05/00:39:18,0,30693,”Have you ever noticed another cars windshield wipers going too fast or too slow? Did you judge them for it?”,1856,20,0,0,4,0,2016-03-04/16:39:18,
1,0:01:46,2016-03-05/00:39:33,1,125,”What is the best zinger you have ever heard or said?”,216,11,0,0,4,0,2016-03-04/16:39:33,
3,0:00:29,2016-03-05/00:40:10,0,3092,"”If you had only 1 day of Reddit gold remaining, what would you do?”",46,14,0,0,8,0,2016-03-04/16:40:10,
1,0:03:16,2016-03-05/00:40:52,0,967,"”Redditors who didnt want children and have them now, what changed your mind? Are you happy?”",789,16,0,0,2,0,2016-03-04/16:40:52,
21474,0:00:13,2016-03-05/00:41:20,0,6381,”Time is looping every 10 seconds causing you to repeat whatever youre doing in that moment every 10 seconds for the rest of your life. What would you want to be doing in those 10 seconds?”,1050,36,0,0,7,0,2016-03-04/16:41:20,
1,0:00:42,2016-03-05/00:42:30,0,8,”What ever happen to the one that got away?”,67,9,0,0,7,0,2016-03-04/16:42:30,
189,0:00:20,2016-03-05/00:42:35,0,2684,”What is the most unconventional thing you do in the bedroom? ”,903,12,0,1,5,0,2016-03-04/16:42:35,
2940,0:00:49,2016-03-05/00:42:46,0,7753,”What question is left better unanswered?”,511,6,0,0,4,0,2016-03-04/16:42:46,
102,0:01:42,2016-03-05/00:43:06,1,193,”Whats the worst experience youve had while staying at someone elses house?”,230,12,0,0,2,0,2016-03-04/16:43:06,
4095,0:00:17,2016-03-05/00:44:21,0,3904,"”Reddit, whats one piece of advice you always try to let other people know?”",1490,14,0,0,7,0,2016-03-04/16:44:21,
97,0:02:08,2016-03-05/00:44:24,0,162,”Whats on your bucket list ?”,15,6,0,0,2,0,2016-03-04/16:44:24,
1,0:00:00,2016-03-05/00:44:56,0,0,”Whats the biggest mistake you saw someone about to make but didnt intervene?”,25,13,0,0,0,0,2016-03-04/16:44:56,
394,0:01:33,2016-03-05/00:45:09,0,932,”Whats your strangest dream involving one of the current presidential candidates?”,166,11,0,0,2,0,2016-03-04/16:45:09,
6501,0:00:23,2016-03-05/00:45:24,1,7597,”What is your reason for downvoting a question in AskReddit?”,1373,10,0,0,8,0,2016-03-04/16:45:24,
1,0:01:17,2016-03-05/00:46:29,0,4,"”Why do redditors mention their girlfriend so much in title, especially r/gaming?”",107,12,0,1,4,0,2016-03-04/16:46:29,
1,0:00:42,2016-03-05/00:46:33,0,0,"”If tomorrow you became the Supreme Leader of United States, free to do whatever you want, what would you do?”",0,20,0,0,6,0,2016-03-04/16:46:33,
8,0:00:19,2016-03-05/00:46:36,0,194,”Do you sit or stand up when wiping after number 2?”,547,11,0,0,6,0,2016-03-04/16:46:36,
1800,0:04:56,2016-03-05/00:46:41,1,850,"”What music style did you listen to normally, what did you switch to and when did you switch?”",56,18,0,0,2,0,2016-03-04/16:46:41,
685,0:00:00,2016-03-05/00:47:04,0,204,"”Redditors who lost their jobs to the internet (Borders, Blockbuster, Tower records, etc.) when and how did you find out you were going to lose your job?”",476,27,0,0,0,0,2016-03-04/16:47:04,
1,0:01:21,2016-03-05/00:47:12,0,0,"”Poor, trailer trash redditors, what did you do to overcome your financial burden?”",0,13,0,0,3,0,2016-03-04/16:47:12,
59,0:00:53,2016-03-05/00:48:11,0,3330,”What gives you instant nostalgia?”,167,5,0,0,7,0,2016-03-04/16:48:11,
1,0:03:48,2016-03-05/00:48:51,0,14,”What is the most interesting thing you can accomplish with $20?”,221,11,0,0,1,0,2016-03-04/16:48:51,
106,0:00:52,2016-03-05/00:49:07,0,1129,”Whats the stupidest thing you did out of video game rage?”,137,11,0,0,5,0,2016-03-04/16:49:07,
1656,0:00:00,2016-03-05/00:49:18,1,15600,”Lawyers of Reddit: Whats the Craziest Court Case Youve Been A Part Of?”,830,13,0,0,0,0,2016-03-04/16:49:18,
1,0:00:00,2016-03-05/00:49:49,0,4148,"”To those who believe in heaven and hell, which are you going to, and why?”",318,15,0,0,4,1,2016-03-04/16:49:49,
1,0:01:41,2016-03-05/00:50:10,0,12,”If something is made of Iron is it Ironic?”,8,9,0,0,4,0,2016-03-04/16:50:10,
9,0:00:00,2016-03-05/00:51:34,0,145,”What best practice has Reddit made a regular practice for you?”,379,11,0,0,0,0,2016-03-04/16:51:34,
1,0:00:00,2016-03-05/00:51:46,0,12,"”If war with China is so imminent why are most of the jobs still in China? What would happen really if America, N.Korea and China got into it?”",178,28,0,0,3,1,2016-03-04/16:51:46,
4838,0:00:36,2016-03-05/00:51:53,0,4787,”How do you stay happy?”,257,5,0,0,6,0,2016-03-04/16:51:53,
8,0:02:42,2016-03-05/00:51:56,0,7720,”What is the most UN-identifiable opening line to a song?”,846,10,0,0,1,0,2016-03-04/16:51:56,
1,0:08:14,2016-03-05/00:52:11,0,48,”Never felt that much lonely in my life what to do now ?”,3,13,0,0,1,0,2016-03-04/16:52:11,
29,0:02:28,2016-03-05/00:52:34,0,88,"”Just started at the gym to turn my life around, any starting tips?”",1249,13,0,0,4,0,2016-03-04/16:52:34,
16242,0:01:29,2016-03-05/00:53:04,1,24295,”Whats a comeback youre waiting to use?”,3,7,0,0,1,0,2016-03-04/16:53:04,
1,0:00:21,2016-03-05/00:53:09,1,400511,”What popular tourist destination/attraction disappointed you?”,483,6,0,0,3,0,2016-03-04/16:53:09,
1,0:00:00,2016-03-05/00:53:22,0,143,"”Whats a cost-effective, environmentally friendly material or process that we could use to permanently repair the surfaces of our interstates, highways, toll roads and city streets?”",266,26,0,0,2,1,2016-03-04/16:53:22,
48,0:00:48,2016-03-05/00:54:00,0,5015,”What is something you cant help but notice once youve seen it?”,451,12,0,0,9,0,2016-03-04/16:54:00,
1063,0:29:46,2016-03-05/00:54:34,1,667,”Whats your favorite personal short story you find yourself sharing with others all of the time?”,1006,16,0,0,0,0,2016-03-04/16:54:34,
469,0:00:00,2016-03-05/00:55:24,0,1004,”What post-secondary education did you get and why is it the best thing you could have done?”,490,17,0,0,2,1,2016-03-04/16:55:24,
1,0:00:53,2016-03-05/00:55:35,0,0,"”If you woke up one day and found yourself homeless and flat broke, how would you make your comeback?”",0,19,0,0,5,0,2016-03-04/16:55:35,
89,0:00:56,2016-03-05/00:55:42,0,3178,"”Short people of Reddit, do you like being short?”",1,9,0,0,3,0,2016-03-04/16:55:42,
10155,0:00:59,2016-03-05/00:55:58,0,18979,”How do you think can the homeless issue in the US be solved?”,1011,13,0,0,3,0,2016-03-04/16:55:58,
396,0:01:08,2016-03-05/00:56:00,0,3710,”Did medieval artists really think their people and animals looked like that?”,1900,12,0,0,2,0,2016-03-04/16:56:00,
140,0:00:32,2016-03-05/00:56:08,0,28952,”What are you too good at faking?”,953,7,0,0,8,0,2016-03-04/16:56:08,
15,0:00:17,2016-03-05/00:56:12,0,6,”Do you think its possible to milk a gorilla?”,10,9,0,0,8,0,2016-03-04/16:56:12,
472,0:00:00,2016-03-05/00:56:36,0,1810,”Redditors with common names: what is the funniest instance of name confusion that youve encountered?”,549,15,0,0,0,0,2016-03-04/16:56:36,
3449,0:01:01,2016-03-05/00:57:01,0,613,”how do you cook ready made rice cake?”,980,8,0,0,1,0,2016-03-04/16:57:01,
122,0:01:09,2016-03-05/00:57:08,1,119,"”Reddit, what is something you did to your older sibling when you were younger that you now realize would be annoying?”",501,21,0,0,1,0,2016-03-04/16:57:08,
1,0:03:39,2016-03-05/00:57:27,1,23377,"”If one of our political parties did have a brokered convention this year, could they nominate anyone, or are they restricted to one of the candidates currently running?”",43,28,0,0,1,0,2016-03-04/16:57:27,
52320,0:01:12,2016-03-05/00:57:36,0,12739,”You have everybody in the worlds undivided attention to listen to a single song of your choice once. What is that song?”,270,22,0,0,1,0,2016-03-04/16:57:36,
1800,0:01:11,2016-03-05/00:57:38,1,850,”Which event doesnt get better when narrated by Morgan Freeman?”,56,10,0,0,4,0,2016-03-04/16:57:38,
2,0:00:35,2016-03-05/00:57:50,0,1038,”What Film/tv show death hits you in the feels every time?”,811,11,0,0,12,0,2016-03-04/16:57:50,
141,0:01:10,2016-03-05/00:58:04,0,6015,”Freelancers of Reddit: advantages and disadvantages of working as a Freelancer ?”,460,12,0,0,3,0,2016-03-04/16:58:04,
151,0:00:39,2016-03-05/00:58:42,0,1828,”Has Daniel day Lewis retired?”,340,5,0,0,2,0,2016-03-04/16:58:42,
200,0:01:37,2016-03-05/00:59:22,1,1370,”What is the weirdest thing you saw today?”,3,8,0,0,3,0,2016-03-04/16:59:22,
2513,0:01:09,2016-03-05/00:59:28,0,5,”What sound is oddly satisfying to you?”,43,7,0,0,6,0,2016-03-04/16:59:28,
1,0:00:00,2016-03-05/00:59:38,0,-100,”why are you still a virgin?”,55,6,0,1,8,1,2016-03-04/16:59:38,
2445,0:08:33,2016-03-05/01:01:41,1,9236,"”Multilingual Redditors, what similarities/differences do you notice between the languages you speak?”",642,12,0,0,0,0,2016-03-04/17:01:41,
53,0:02:59,2016-03-05/01:02:17,0,12665,”What fictional character are you most similar to?”,226,8,0,0,3,0,2016-03-04/17:02:17,
2093,0:02:21,2016-03-05/01:02:28,1,1593,”What advertisement worked on you?”,1367,5,0,0,2,0,2016-03-04/17:02:28,
64,0:01:16,2016-03-05/01:02:32,0,6,”Whose doppelganger would you like to be for one day ... and what crazy stuff would you do?”,25,18,0,0,1,0,2016-03-04/17:02:32,
62,0:09:22,2016-03-05/01:03:33,0,3127,”What was the strangest thing youve seen at a wedding?”,445,10,0,0,1,0,2016-03-04/17:03:33,
55,0:00:46,2016-03-05/01:04:02,0,1,”One website do you visit everyday?”,5,6,0,0,3,0,2016-03-04/17:04:02,
6422,0:15:27,2016-03-05/01:04:03,0,15806,"”Redditors whove been left at the altar/ have left someone at the altar, whats your story?”",1556,16,0,0,0,0,2016-03-04/17:04:03,
1542,0:04:39,2016-03-05/01:04:19,1,34658,"”How superficial are you, reddit?”",208,5,0,0,0,0,2016-03-04/17:04:19,
6690,0:00:35,2016-03-05/01:04:19,0,2729,”Whats your go-to alias name?”,1335,5,0,0,11,0,2016-03-04/17:04:19,