author_link_karma,time_to_first_comment,post_localTime,question_type,author_comment_karma,title,author_account_age,title_length,post_id,hot,nsfw,10min_comment,serious,post_utcTime,author_gold
1,0:00:00,2016-05-15 15:59:40,1,5416,"People who've had to kill others in self defence, how was it like? How's life now, and what kind of aftermath followed?","371 days, 1:22:08",22,4jfzij,1,0,1,1,2016-05-15 07:59:40,0
,0:00:20,2016-05-15 01:39:15,5,,"What profession was once highly respected, but is now a complete joke?",,12,4jdhgh,1,0,10,0,2016-05-14 17:39:15,
601,0:02:29,2016-05-15 05:24:20,5,2422,What is the scariest horror movie?,"1840 days, 10:14:02",6,4je9ds,1,0,7,0,2016-05-14 21:24:20,0
9,0:00:00,2016-05-15 08:16:46,5,706,"Whats your ""unexplained"" experience?","97 days, 9:54:31",4,4jetcp,1,0,5,1,2016-05-15 00:16:46,1
3,0:00:33,2016-05-14 23:17:42,5,1563,What is the strangest thing you'll admit turns you on?,"80 days, 20:17:38",10,4jcycj,1,1,7,0,2016-05-14 15:17:42,0
7440,0:00:17,2016-05-15 09:39:17,5,1142,What is your favourite reddit thread?,"565 days, 14:11:35",6,4jf19m,1,0,1,0,2016-05-15 01:39:17,1
3237,0:00:59,2016-05-15 13:40:41,5,3413,"If the government was run entirely by copies of you, what would your government be bad at?","1381 days, 16:32:07",17,4jflhr,1,0,7,0,2016-05-15 05:40:41,0
93,0:01:00,2016-05-15 03:33:02,5,4266,What's a level you hate in a video game you love?,"960 days, 16:48:14",11,4jdvx6,1,0,9,0,2016-05-14 19:33:02,0
27,0:48:45,2016-05-15 14:20:16,5,4439,"Whats your interesting ""Damn, didn't see that one coming."" story?","639 days, 5:11:38",10,4jfp60,1,0,0,0,2016-05-15 06:20:16,0
4,0:03:18,2016-05-15 14:28:33,5,0,"What was your most hilarious or awkward ""one night stand""?","226 days, 22:45:39",10,4jfpza,1,1,1,0,2016-05-15 06:28:33,0
1,0:01:08,2016-05-15 17:35:20,5,83,What's an instant turn off while dating? And why?,"139 days, 12:10:55",9,4jgbua,1,0,5,0,2016-05-15 09:35:20,1
4632,0:01:13,2016-05-14 23:03:08,5,9166,"Dungeon masters of Reddit, what's the funniest situation you and your players have got into during a campaign?","758 days, 0:30:34",18,4jcwaq,1,0,2,0,2016-05-14 15:03:08,0
6,0:03:02,2016-05-15 19:00:25,5,1512,What is something parents will never understand?,"371 days, 23:04:51",7,4jgoi5,1,0,4,0,2016-05-15 11:00:25,1
1,0:01:28,2016-05-15 03:17:15,5,224,What's the best advice you can give to college freshmen?,"533 days, 9:30:27",10,4jdtyb,1,0,6,0,2016-05-14 19:17:15,0
84,0:01:01,2016-05-15 13:41:03,6,108,"You can be an animal for a day, which one?","578 days, 22:15:34",10,4jfliz,1,0,6,0,2016-05-15 05:41:03,0
1,0:00:13,2016-05-15 18:53:33,6,25,"Americans of Reddit, of the 50 states in the US which one is the absolute worst?","253 days, 17:02:56",16,4jgngi,1,0,12,0,2016-05-15 10:53:33,0
1,0:00:45,2016-05-15 13:55:13,5,401541,What comedian have you never found funny?,"554 days, 23:38:10",7,4jfmsa,1,0,7,0,2016-05-15 05:55:13,1
1,0:01:51,2016-05-15 16:19:34,5,11,What mistake should no one make in High-School?,"301 days, 17:06:57",8,4jg251,1,0,5,0,2016-05-15 08:19:34,1
3,0:02:41,2016-05-15 18:45:21,1,549,"Redditors who have worked with cars, what makes and models seem to just keep coming back to the shop for repairs?","466 days, 13:12:07",21,4jgm7p,1,0,1,0,2016-05-15 10:45:21,1
1,0:01:24,2016-05-15 17:29:12,5,854,"What profession was once a joke, but is now highly respected?","602 days, 10:05:08",11,4jgazo,1,0,4,0,2016-05-15 09:29:12,0
8,0:00:15,2016-05-15 21:20:50,5,0,What do you take with you on a camping trip?,22:22:42,10,4jh9lq,1,0,7,0,2016-05-15 13:20:50,0
376,0:03:15,2016-05-14 14:29:25,5,565,"What are some weird, real life X-files type mysteries?","1635 days, 22:47:33",9,4jb24s,1,0,2,0,2016-05-14 06:29:25,1
674,0:02:37,2016-05-15 18:21:55,5,2889,"What film/series had a great concept, but poor execution?","1534 days, 9:23:57",9,4jgik5,1,0,3,0,2016-05-15 10:21:55,0
8207,0:01:09,2016-05-15 06:03:04,5,22464,"What gift would be great 10 years ago, but awful now?","215 days, 1:49:32",11,4jee4k,1,0,6,0,2016-05-14 22:03:04,1
1,0:01:08,2016-05-14 23:43:53,5,216,What has been ruined for everyone by just one person?,"299 days, 6:58:59",10,4jd1x1,1,0,3,0,2016-05-14 15:43:53,0
